Entry,Active site
A0A080WMA9,"ACT_SITE 154; /note=""Acyl-thioester intermediate""; /evidence=""ECO:0000255|PIRSR:PIRSR000148-1""; ACT_SITE 251; /note=""Proton acceptor""; /evidence=""ECO:0000255|PIRSR:PIRSR000148-1"""
A0A089LCJ8,"ACT_SITE 413; /note=""Proton donor""; /evidence=""ECO:0000250|UniProtKB:P05804""; ACT_SITE 502; /note=""Nucleophile""; /evidence=""ECO:0000250|UniProtKB:P05804"""
A0A089MMR2,"ACT_SITE 457; /note=""Proton donor""; /evidence=""ECO:0000250|UniProtKB:Q76IQ9"""
A0A0B5JC15,"ACT_SITE 118; /note=""Nucleophile""; /evidence=""ECO:0000255|PROSITE-ProRule:PRU01097""; ACT_SITE 209; /note=""Proton donor""; /evidence=""ECO:0000255|PROSITE-ProRule:PRU01097"""
A0A0F6B281,"ACT_SITE 21; /note=""Proton acceptor""; /evidence=""ECO:0000255|HAMAP-Rule:MF_00083"""
A0A0F6B5X4,"ACT_SITE 143; /evidence=""ECO:0000305|PubMed:29777131"""
A0A0F6B8D8,"ACT_SITE 140; /evidence=""ECO:0000305|PubMed:27264868"""
A0A0F6BAH9,"ACT_SITE 137; /evidence=""ECO:0000305"""
A0A0F7TWW9,"ACT_SITE 509; /note=""Proton acceptor""; /evidence=""ECO:0000250|UniProtKB:P9WKJ5"""
A0A0G4KL96,"ACT_SITE 115; /note=""Nucleophile""; /evidence=""ECO:0000255|PROSITE-ProRule:PRU01097""; ACT_SITE 206; /note=""Proton donor""; /evidence=""ECO:0000255|PROSITE-ProRule:PRU01097"""
A0A0H2X6L3,"ACT_SITE 52; /note=""Proton acceptor; for glutaminase activity""; /evidence=""ECO:0000255|HAMAP-Rule:MF_02090""; ACT_SITE 119; /note=""For glutaminase activity""; /evidence=""ECO:0000255|HAMAP-Rule:MF_02090""; ACT_SITE 157; /note=""Nucleophile; for glutaminase activity""; /evidence=""ECO:0000255|HAMAP-Rule:MF_02090"""
A0A0L1JG62,"ACT_SITE 183; /note=""For beta-ketoacyl synthase activity""; /evidence=""ECO:0000255|PROSITE-ProRule:PRU01348""; ACT_SITE 318; /note=""For beta-ketoacyl synthase activity""; /evidence=""ECO:0000255|PROSITE-ProRule:PRU01348""; ACT_SITE 358; /note=""For beta-ketoacyl synthase activity""; /evidence=""ECO:0000255|PROSITE-ProRule:PRU01348""; ACT_SITE 973; /note=""Proton acceptor; for dehydratase activity""; /evidence=""ECO:0000255|PROSITE-ProRule:PRU01363""; ACT_SITE 1125; /note=""Proton donor; for dehydratase activity""; /evidence=""ECO:0000255|PROSITE-ProRule:PRU01363"""
A0A172QE52,"ACT_SITE 179; /note=""For beta-ketoacyl synthase activity""; /evidence=""ECO:0000255|PROSITE-ProRule:PRU01348""; ACT_SITE 315; /note=""For beta-ketoacyl synthase activity""; /evidence=""ECO:0000255|PROSITE-ProRule:PRU01348""; ACT_SITE 355; /note=""For beta-ketoacyl synthase activity""; /evidence=""ECO:0000255|PROSITE-ProRule:PRU01348""; ACT_SITE 957; /note=""Proton acceptor; for dehydratase activity""; /evidence=""ECO:0000255|PROSITE-ProRule:PRU01363""; ACT_SITE 1154; /note=""Proton donor; for dehydratase activity""; /evidence=""ECO:0000255|PROSITE-ProRule:PRU01363"""
A0A179UL48,"ACT_SITE 154; /note=""Acyl-thioester intermediate""; /evidence=""ECO:0000255|PIRSR:PIRSR000148-1""; ACT_SITE 251; /note=""Proton acceptor""; /evidence=""ECO:0000255|PIRSR:PIRSR000148-1"""
A0A194VNL2,"ACT_SITE 362; /note=""Proton acceptor""; /evidence=""ECO:0000255|PROSITE-ProRule:PRU00159"""
A0A194W8T8,"ACT_SITE 1686; /note=""Proton acceptor""; /evidence=""ECO:0000255|PROSITE-ProRule:PRU00159"""
A0A194WDG1,"ACT_SITE 149; /note=""Proton acceptor""; /evidence=""ECO:0000255|PROSITE-ProRule:PRU00159"""
A0A1B5KW97,"ACT_SITE 148; /note=""Proton acceptor""; /evidence=""ECO:0000255|PROSITE-ProRule:PRU00159"""
A0A1I1NU27,"ACT_SITE 113; /note=""Glycyl thioester intermediate""; /evidence=""ECO:0000305|PubMed:39020165"""
A0A1I1P074,"ACT_SITE 385; /note=""Glycyl thioester intermediate""; /evidence=""ECO:0000305|PubMed:39020165"""
A0A223HDH4,"ACT_SITE 214; /evidence=""ECO:0000250|UniProtKB:Q4X1A4"""
A0A223HDI5,"ACT_SITE 159; /note=""Proton donor""; /evidence=""ECO:0000250|UniProtKB:P0C0Y5""; ACT_SITE 174; /note=""Proton acceptor""; /evidence=""ECO:0000250|UniProtKB:P0C0Y5""; ACT_SITE 178; /note=""Lowers pKa of active site Tyr""; /evidence=""ECO:0000250|UniProtKB:P0C0Y5"""
A0A2G0QDN4,"ACT_SITE 146; /note=""Proton acceptor""; /evidence=""ECO:0000250|UniProtKB:P00334"""
A0A2G0QDP0,"ACT_SITE 94; /note=""Nucleophile""; /evidence=""ECO:0000305|PubMed:39428351""; ACT_SITE 215; /note=""Charge relay system""; /evidence=""ECO:0000305|PubMed:39428351""; ACT_SITE 242; /note=""Charge relay system""; /evidence=""ECO:0000305|PubMed:39428351"""
A0A2Z5U368,"ACT_SITE 194; /evidence=""ECO:0000250|UniProtKB:L0E4H0"""
A0A2Z5UFJ1,"ACT_SITE 291; /note=""Proton acceptor""; /evidence=""ECO:0000255|PROSITE-ProRule:PRU01020"""
A0A384J6C4,"ACT_SITE 120; /note=""Nucleophile""; /evidence=""ECO:0000305|PubMed:33846308""; ACT_SITE 124; /note=""Proton donor""; /evidence=""ECO:0000305|PubMed:33846308"""
A0A384JN58,"ACT_SITE 119; /note=""Nucleophile""; /evidence=""ECO:0000305|PubMed:33846308""; ACT_SITE 123; /note=""Proton donor""; /evidence=""ECO:0000305|PubMed:33846308"""
A0A384JXV5,"ACT_SITE 116; /note=""Nucleophile""; /evidence=""ECO:0000255|PROSITE-ProRule:PRU01097""; ACT_SITE 207; /note=""Proton donor""; /evidence=""ECO:0000255|PROSITE-ProRule:PRU01097"""
A0A384K116,"ACT_SITE 157; /note=""Nucleophile""; /evidence=""ECO:0000305|PubMed:33846308""; ACT_SITE 161; /note=""Proton donor""; /evidence=""ECO:0000305|PubMed:33846308"""
A0A384K474,"ACT_SITE 120; /note=""Nucleophile""; /evidence=""ECO:0000255|PROSITE-ProRule:PRU01097""; ACT_SITE 209; /note=""Proton donor""; /evidence=""ECO:0000255|PROSITE-ProRule:PRU01097"""
A0A384K4T0,"ACT_SITE 121; /note=""Nucleophile""; /evidence=""ECO:0000305|PubMed:33846308""; ACT_SITE 125; /note=""Proton donor""; /evidence=""ECO:0000305|PubMed:33846308"""
A0A385XI13,"ACT_SITE 131; /note=""Charge relay system""; /evidence=""ECO:0000250|UniProtKB:P38777"""
A0A3R5XUE6,"ACT_SITE 153; /note=""Proton acceptor""; /evidence=""ECO:0000250|UniProtKB:Q9BPW9"""
A0A498JQK2,"ACT_SITE 92; /note=""Proton donor""; /evidence=""ECO:0000250|UniProtKB:Q9SWE5""; ACT_SITE 177; /note=""Proton donor""; /evidence=""ECO:0000250|UniProtKB:Q9SWE5"""
A0A509AM03,"ACT_SITE 286; /note=""Charge relay system""; /evidence=""ECO:0000255|PROSITE-ProRule:PRU01240""; ACT_SITE 342; /note=""Charge relay system""; /evidence=""ECO:0000255|PROSITE-ProRule:PRU01240""; ACT_SITE 519; /note=""Charge relay system""; /evidence=""ECO:0000255|PROSITE-ProRule:PRU01240"""
A0A5B9GBF0,"ACT_SITE 141; /note=""Proton acceptor""; /evidence=""ECO:0000255|PROSITE-ProRule:PRU00159"""
A0A5J5NT52,"ACT_SITE 213; /note=""Proton acceptor""; /evidence=""ECO:0000255|PROSITE-ProRule:PRU00159, ECO:0000255|PROSITE-ProRule:PRU10027"""
A0A5J5T2N2,"ACT_SITE 215; /note=""Proton acceptor""; /evidence=""ECO:0000255|PROSITE-ProRule:PRU00159, ECO:0000255|PROSITE-ProRule:PRU10027"""
A0A7T8F1J6,"ACT_SITE 245; /evidence=""ECO:0000250|UniProtKB:P0DPA8"""
A0A7T8F1M9,"ACT_SITE 176; /note=""Proton donor""; /evidence=""ECO:0000250|UniProtKB:Q4WZ70"""
A0A7T8F1N2,"ACT_SITE 143; /note=""Proton donor""; /evidence=""ECO:0000250|UniProtKB:O93868""; ACT_SITE 144; /note=""Proton donor""; /evidence=""ECO:0000250|UniProtKB:O93868""; ACT_SITE 157; /note=""Proton acceptor""; /evidence=""ECO:0000255|PROSITE-ProRule:PRU10001""; ACT_SITE 161; /note=""Lowers pKa of active site Tyr""; /evidence=""ECO:0000250|UniProtKB:O93868"""
A0A7T8J1U7,"ACT_SITE 2; /note=""Nucleophile""; /evidence=""ECO:0000255|PROSITE-ProRule:PRU00609"""
A0A7T8J1Z8,"ACT_SITE 327; /note=""Proton acceptor""; /evidence=""ECO:0000255|PROSITE-ProRule:PRU01020"""
A0A7U2QYM2,"ACT_SITE 139; /note=""Proton donor/acceptor""; /evidence=""ECO:0000269|PubMed:39601562"""
A0A8C2LVE3,"ACT_SITE 140; /evidence=""ECO:0000269|PubMed:17227754""; ACT_SITE 142; /evidence=""ECO:0000269|PubMed:17227754"""
A0A8I6GM68,"ACT_SITE 215; /note=""1""; /evidence=""ECO:0000250|UniProtKB:Q9UBN7""; ACT_SITE 641; /note=""2""; /evidence=""ECO:0000250|UniProtKB:Q9UBN7"""
A0A9E7LUL3,"ACT_SITE 154; /note=""Proton acceptor""; /evidence=""ECO:0000255""; ACT_SITE 376; /note=""Proton acceptor""; /evidence=""ECO:0000255"""
A0A9E7S518,"ACT_SITE 58; /note=""Proton donor""; /evidence=""ECO:0000250|UniProtKB:Q8CG76"""
A0A9E7S5B9,"ACT_SITE 58; /note=""Proton donor""; /evidence=""ECO:0000250|UniProtKB:Q8CG76"""
A0A9E7S5E3,"ACT_SITE 151; /note=""Proton acceptor""; /evidence=""ECO:0000255""; ACT_SITE 359; /note=""Proton acceptor""; /evidence=""ECO:0000255"""
A0AA51VIM4,"ACT_SITE 268; /note=""Proton acceptor""; /evidence=""ECO:0000255|PROSITE-ProRule:PRU01020"""
A0AA51VKJ3,"ACT_SITE 266; /note=""Proton acceptor""; /evidence=""ECO:0000255|PROSITE-ProRule:PRU01020"""
A0AA51Z0J6,"ACT_SITE 292; /note=""Proton acceptor""; /evidence=""ECO:0000255|PROSITE-ProRule:PRU01020"""
A0AA51Z3S7,"ACT_SITE 280; /note=""Proton acceptor""; /evidence=""ECO:0000255|PROSITE-ProRule:PRU01020"""
A0AAN4PAE6,"ACT_SITE 83; /note=""Proton donor/acceptor""; /evidence=""ECO:0000250|UniProtKB:Q68G84"""
A0AAW1HA02,"ACT_SITE 129; /evidence=""ECO:0000255""; ACT_SITE 436; /evidence=""ECO:0000255"""
A0AAW1I778,"ACT_SITE 165; /note=""Proton donor""; /evidence=""ECO:0000250|UniProtKB:Q7XSK0""; ACT_SITE 350; /note=""Nucleophile""; /evidence=""ECO:0000250|UniProtKB:Q7XSK0"""
A0AAW1IQ05,"ACT_SITE 18; /note=""Proton acceptor""; /evidence=""ECO:0000250|UniProtKB:A0A0A1HA03""; ACT_SITE 116; /note=""Charge relay""; /evidence=""ECO:0000250|UniProtKB:A0A0A1HA03"""
A0AAW1J1B8,"ACT_SITE 20; /note=""Proton acceptor""; /evidence=""ECO:0000250|UniProtKB:A0A0A1HA03""; ACT_SITE 124; /note=""Charge relay""; /evidence=""ECO:0000250|UniProtKB:A0A0A1HA03"""
A0AAW1J9R8,"ACT_SITE 17; /note=""Proton acceptor""; /evidence=""ECO:0000250|UniProtKB:A0A0A1HA03""; ACT_SITE 114; /note=""Charge relay""; /evidence=""ECO:0000250|UniProtKB:A0A0A1HA03"""
A0AAW1K8I9,"ACT_SITE 27; /note=""Proton acceptor""; /evidence=""ECO:0000250|UniProtKB:A0A0A1HA03""; ACT_SITE 131; /note=""Charge relay""; /evidence=""ECO:0000250|UniProtKB:A0A0A1HA03"""
A0AAW1L0L7,"ACT_SITE 486; /note=""Proton donor""; /evidence=""ECO:0000250|UniProtKB:P48449"""
A0AAW1LG41,"ACT_SITE 156; /note=""Proton acceptor""; /evidence=""ECO:0000250|UniProtKB:Q70PR7""; ACT_SITE 394; /note=""Proton acceptor""; /evidence=""ECO:0000250|UniProtKB:Q70PR7"""
A0AAW1M2U7,"ACT_SITE 21; /note=""Proton acceptor""; /evidence=""ECO:0000250|UniProtKB:A0A0A1HA03""; ACT_SITE 114; /note=""Charge relay""; /evidence=""ECO:0000250|UniProtKB:A0A0A1HA03"""
A0AAW1MQS1,"ACT_SITE 18; /note=""Proton acceptor""; /evidence=""ECO:0000250|UniProtKB:A0A0A1HA03""; ACT_SITE 117; /note=""Charge relay""; /evidence=""ECO:0000250|UniProtKB:A0A0A1HA03"""
A0AAW1NHX6,"ACT_SITE 226; /note=""Proton acceptor""; /evidence=""ECO:0000250|UniProtKB:Q071N0"""
A0QT90,"ACT_SITE 2; /note=""Schiff-base intermediate with DNA""; /evidence=""ECO:0000255|PROSITE-ProRule:PRU00392, ECO:0000305|PubMed:36610794, ECO:0000305|PubMed:39012146""; ACT_SITE 3; /note=""Proton donor""; /evidence=""ECO:0000255|PROSITE-ProRule:PRU00392""; ACT_SITE 51; /note=""Proton donor (in beta-elimination)""; /evidence=""ECO:0000255|PROSITE-ProRule:PRU00392"""
A2QQV0,"ACT_SITE 180; /note=""For beta-ketoacyl synthase activity""; /evidence=""ECO:0000255|PROSITE-ProRule:PRU01348""; ACT_SITE 319; /note=""For beta-ketoacyl synthase activity""; /evidence=""ECO:0000255|PROSITE-ProRule:PRU01348""; ACT_SITE 359; /note=""For beta-ketoacyl synthase activity""; /evidence=""ECO:0000255|PROSITE-ProRule:PRU01348""; ACT_SITE 975; /note=""Proton acceptor; for dehydratase activity""; /evidence=""ECO:0000255|PROSITE-ProRule:PRU01363""; ACT_SITE 1160; /note=""Proton donor; for dehydratase activity""; /evidence=""ECO:0000255|PROSITE-ProRule:PRU01363"""
A3C5V6,"ACT_SITE 170; /note=""Nucleophile""; /evidence=""ECO:0000250|UniProtKB:Q94FV7"""
A3MTR6,"ACT_SITE 200; /note=""Proton acceptor""; /evidence=""ECO:0000250|UniProtKB:Q8ZWV0""; ACT_SITE 216; /note=""Proton donor""; /evidence=""ECO:0000250|UniProtKB:Q8ZWV0""; ACT_SITE 295; /note=""Proton acceptor""; /evidence=""ECO:0000250|UniProtKB:Q8ZWV0"""
A4XXY9,"ACT_SITE 224; /note=""Proton donor""; /evidence=""ECO:0000305|PubMed:27851736"""
A5K264,"ACT_SITE 17; /evidence=""ECO:0000250|UniProtKB:Q12640""; ACT_SITE 104; /evidence=""ECO:0000250|UniProtKB:Q12640""; ACT_SITE 500; /evidence=""ECO:0000250|UniProtKB:Q12640"""
A7GKX6,"ACT_SITE 275; /note=""Nucleophile""; /evidence=""ECO:0000250|UniProtKB:Q0P8H3"""
A7GKX7,"ACT_SITE 148; /note=""Proton acceptor""; /evidence=""ECO:0000250|UniProtKB:Q8NBZ7"""
A8M6W6,"ACT_SITE 64; /note=""Nucleophile (Probable)""; /evidence=""ECO:0000303|PubMed:31251043"""
B0BNF8,"ACT_SITE 143; /note=""Proton acceptor""; /evidence=""ECO:0000250|UniProtKB:Q9BUP3""; ACT_SITE 147; /evidence=""ECO:0000250|UniProtKB:Q9BUP3"""
B4ER92,"ACT_SITE 283; /note=""For beta-ketoacyl synthase activity""; /evidence=""ECO:0000255|PROSITE-ProRule:PRU01348""; ACT_SITE 418; /note=""For beta-ketoacyl synthase activity""; /evidence=""ECO:0000255|PROSITE-ProRule:PRU01348""; ACT_SITE 458; /note=""For beta-ketoacyl synthase activity""; /evidence=""ECO:0000255|PROSITE-ProRule:PRU01348""; ACT_SITE 1045; /note=""Proton acceptor; for dehydratase activity""; /evidence=""ECO:0000255|PROSITE-ProRule:PRU01363""; ACT_SITE 1211; /note=""Proton donor; for dehydratase activity""; /evidence=""ECO:0000255|PROSITE-ProRule:PRU01363"""
B4ER95,"ACT_SITE 206; /note=""For beta-ketoacyl synthase 1 activity""; /evidence=""ECO:0000255|PROSITE-ProRule:PRU01348""; ACT_SITE 341; /note=""For beta-ketoacyl synthase 1 activity""; /evidence=""ECO:0000255|PROSITE-ProRule:PRU01348""; ACT_SITE 381; /note=""For beta-ketoacyl synthase 1 activity""; /evidence=""ECO:0000255|PROSITE-ProRule:PRU01348""; ACT_SITE 962; /note=""Proton acceptor; for dehydratase activity 1""; /evidence=""ECO:0000255|PROSITE-ProRule:PRU01363""; ACT_SITE 1125; /note=""Proton donor; for dehydratase activity 1""; /evidence=""ECO:0000255|PROSITE-ProRule:PRU01363""; ACT_SITE 1978; /note=""For beta-ketoacyl synthase 2 activity""; /evidence=""ECO:0000255|PROSITE-ProRule:PRU01348""; ACT_SITE 2113; /note=""For beta-ketoacyl synthase 2 activity""; /evidence=""ECO:0000255|PROSITE-ProRule:PRU01348""; ACT_SITE 2153; /note=""For beta-ketoacyl synthase 2 activity""; /evidence=""ECO:0000255|PROSITE-ProRule:PRU01348""; ACT_SITE 2736; /note=""Proton acceptor; for dehydratase activity 2""; /evidence=""ECO:0000255|PROSITE-ProRule:PRU01363""; ACT_SITE 2903; /note=""Proton donor; for dehydratase activity 2""; /evidence=""ECO:0000255|PROSITE-ProRule:PRU01363"""
B4ER96,"ACT_SITE 206; /note=""For beta-ketoacyl synthase activity""; /evidence=""ECO:0000255|PROSITE-ProRule:PRU01348""; ACT_SITE 341; /note=""For beta-ketoacyl synthase activity""; /evidence=""ECO:0000255|PROSITE-ProRule:PRU01348""; ACT_SITE 381; /note=""For beta-ketoacyl synthase activity""; /evidence=""ECO:0000255|PROSITE-ProRule:PRU01348""; ACT_SITE 970; /note=""Proton acceptor; for dehydratase activity""; /evidence=""ECO:0000255|PROSITE-ProRule:PRU01363""; ACT_SITE 1134; /note=""Proton donor; for dehydratase activity""; /evidence=""ECO:0000255|PROSITE-ProRule:PRU01363"""
B4ER97,"ACT_SITE 1236; /note=""For beta-ketoacyl synthase activity""; /evidence=""ECO:0000255|PROSITE-ProRule:PRU01348""; ACT_SITE 1371; /note=""For beta-ketoacyl synthase activity""; /evidence=""ECO:0000255|PROSITE-ProRule:PRU01348""; ACT_SITE 1411; /note=""For beta-ketoacyl synthase activity""; /evidence=""ECO:0000255|PROSITE-ProRule:PRU01348"""
B6ZKM3,"ACT_SITE 186; /note=""Proton donor""; /evidence=""ECO:0000250|UniProtKB:Q7XSK0""; ACT_SITE 422; /note=""Nucleophile""; /evidence=""ECO:0000250|UniProtKB:Q7XSK0"""
B6ZKM4,"ACT_SITE 186; /note=""Proton donor""; /evidence=""ECO:0000250|UniProtKB:Q7XSK0""; ACT_SITE 422; /note=""Nucleophile""; /evidence=""ECO:0000250|UniProtKB:Q7XSK0"""
B6ZKM5,"ACT_SITE 186; /note=""Proton donor""; /evidence=""ECO:0000250|UniProtKB:Q7XSK0""; ACT_SITE 422; /note=""Nucleophile""; /evidence=""ECO:0000250|UniProtKB:Q7XSK0"""
B6ZKN1,"ACT_SITE 186; /note=""Proton donor""; /evidence=""ECO:0000250|UniProtKB:Q7XSK0""; ACT_SITE 421; /note=""Nucleophile""; /evidence=""ECO:0000250|UniProtKB:Q7XSK0"""
C3W5S0,"ACT_SITE 134; /evidence=""ECO:0000305|PubMed:22876177, ECO:0000305|PubMed:27510745"""
C5MR76,"ACT_SITE 26; /note=""Proton donor/acceptor""; /evidence=""ECO:0000305|PubMed:19801657"""
C6KT66,"ACT_SITE 17; /evidence=""ECO:0000250|UniProtKB:Q12640""; ACT_SITE 104; /evidence=""ECO:0000250|UniProtKB:Q12640""; ACT_SITE 485; /evidence=""ECO:0000250|UniProtKB:Q12640"""
C6SZ50,"ACT_SITE 93; /note=""Proton donor""; /evidence=""ECO:0000250|UniProtKB:Q9SWE5""; ACT_SITE 178; /note=""Proton donor""; /evidence=""ECO:0000250|UniProtKB:Q9SWE5"""
C6TA59,"ACT_SITE 93; /note=""Proton donor""; /evidence=""ECO:0000250|UniProtKB:Q9SWE5""; ACT_SITE 178; /note=""Proton donor""; /evidence=""ECO:0000250|UniProtKB:Q9SWE5"""
D3KY98,"ACT_SITE 254; /note=""Proton acceptor""; /evidence=""ECO:0000255|PROSITE-ProRule:PRU01020"""
D3KY99,"ACT_SITE 254; /note=""Proton acceptor""; /evidence=""ECO:0000255|PROSITE-ProRule:PRU01020"""
D3KYA0,"ACT_SITE 254; /note=""Proton acceptor""; /evidence=""ECO:0000255|PROSITE-ProRule:PRU01020"""
D5RFM4,"ACT_SITE 67; /note=""Proton acceptor""; /evidence=""ECO:0000250|UniProtKB:Q8RI81""; ACT_SITE 209; /note=""Proton donor""; /evidence=""ECO:0000250|UniProtKB:Q8RI81"""
E0D202,"ACT_SITE 197; /note=""For decarboxylation activity of LM""; /evidence=""ECO:0000305|PubMed:34985877""; ACT_SITE 662; /note=""For acyltransferase activity of LM""; /evidence=""ECO:0000305|PubMed:34985877""; ACT_SITE 1201; /note=""For beta-ketoacyl synthase 1 activity""; /evidence=""ECO:0000255|PROSITE-ProRule:PRU01348""; ACT_SITE 1336; /note=""For beta-ketoacyl synthase 1 activity""; /evidence=""ECO:0000255|PROSITE-ProRule:PRU01348""; ACT_SITE 1376; /note=""For beta-ketoacyl synthase 1 activity""; /evidence=""ECO:0000255|PROSITE-ProRule:PRU01348""; ACT_SITE 2711; /note=""For beta-ketoacyl synthase 2 activity""; /evidence=""ECO:0000255|PROSITE-ProRule:PRU01348""; ACT_SITE 2846; /note=""For beta-ketoacyl synthase 2 activity""; /evidence=""ECO:0000255|PROSITE-ProRule:PRU01348""; ACT_SITE 2886; /note=""For beta-ketoacyl synthase 2 activity""; /evidence=""ECO:0000255|PROSITE-ProRule:PRU01348""; ACT_SITE 4261; /note=""For beta-ketoacyl synthase 3 activity""; /evidence=""ECO:0000255|PROSITE-ProRule:PRU01348""; ACT_SITE 4396; /note=""For beta-ketoacyl synthase 3 activity""; /evidence=""ECO:0000255|PROSITE-ProRule:PRU01348""; ACT_SITE 4436; /note=""For beta-ketoacyl synthase 3 activity""; /evidence=""ECO:0000255|PROSITE-ProRule:PRU01348""; ACT_SITE 5828; /note=""For beta-ketoacyl synthase 4 activity""; /evidence=""ECO:0000255|PROSITE-ProRule:PRU01348""; ACT_SITE 5963; /note=""For beta-ketoacyl synthase 4 activity""; /evidence=""ECO:0000255|PROSITE-ProRule:PRU01348""; ACT_SITE 6003; /note=""For beta-ketoacyl synthase 4 activity""; /evidence=""ECO:0000255|PROSITE-ProRule:PRU01348""; ACT_SITE 6593; /note=""Proton acceptor; for dehydratase activity""; /evidence=""ECO:0000255|PROSITE-ProRule:PRU01363""; ACT_SITE 6761; /note=""Proton donor; for dehydratase activity""; /evidence=""ECO:0000255|PROSITE-ProRule:PRU01363"""
E0D203,"ACT_SITE 230; /note=""For beta-ketoacyl synthase 1 activity""; /evidence=""ECO:0000255|PROSITE-ProRule:PRU01348""; ACT_SITE 365; /note=""For beta-ketoacyl synthase 1 activity""; /evidence=""ECO:0000255|PROSITE-ProRule:PRU01348""; ACT_SITE 405; /note=""For beta-ketoacyl synthase 1 activity""; /evidence=""ECO:0000255|PROSITE-ProRule:PRU01348""; ACT_SITE 1008; /note=""Proton acceptor; for dehydratase activity 1""; /evidence=""ECO:0000255|PROSITE-ProRule:PRU01363""; ACT_SITE 1183; /note=""Proton donor; for dehydratase activity 1""; /evidence=""ECO:0000255|PROSITE-ProRule:PRU01363""; ACT_SITE 2340; /note=""For beta-ketoacyl synthase 2 activity""; /evidence=""ECO:0000255|PROSITE-ProRule:PRU01348""; ACT_SITE 2475; /note=""For beta-ketoacyl synthase 2 activity""; /evidence=""ECO:0000255|PROSITE-ProRule:PRU01348""; ACT_SITE 2515; /note=""For beta-ketoacyl synthase 2 activity""; /evidence=""ECO:0000255|PROSITE-ProRule:PRU01348""; ACT_SITE 3919; /note=""For beta-ketoacyl synthase 3 activity""; /evidence=""ECO:0000255|PROSITE-ProRule:PRU01348""; ACT_SITE 4054; /note=""For beta-ketoacyl synthase 3 activity""; /evidence=""ECO:0000255|PROSITE-ProRule:PRU01348""; ACT_SITE 4094; /note=""For beta-ketoacyl synthase 3 activity""; /evidence=""ECO:0000255|PROSITE-ProRule:PRU01348""; ACT_SITE 4681; /note=""Proton acceptor; for dehydratase activity 2""; /evidence=""ECO:0000255|PROSITE-ProRule:PRU01363""; ACT_SITE 4848; /note=""Proton donor; for dehydratase activity 2""; /evidence=""ECO:0000255|PROSITE-ProRule:PRU01363"""
E0D204,"ACT_SITE 205; /note=""For beta-ketoacyl synthase activity""; /evidence=""ECO:0000255|PROSITE-ProRule:PRU01348""; ACT_SITE 340; /note=""For beta-ketoacyl synthase activity""; /evidence=""ECO:0000255|PROSITE-ProRule:PRU01348""; ACT_SITE 380; /note=""For beta-ketoacyl synthase activity""; /evidence=""ECO:0000255|PROSITE-ProRule:PRU01348"""
E0D205,"ACT_SITE 206; /note=""For beta-ketoacyl synthase 1 activity""; /evidence=""ECO:0000255|PROSITE-ProRule:PRU01348""; ACT_SITE 341; /note=""For beta-ketoacyl synthase 1 activity""; /evidence=""ECO:0000255|PROSITE-ProRule:PRU01348""; ACT_SITE 381; /note=""For beta-ketoacyl synthase 1 activity""; /evidence=""ECO:0000255|PROSITE-ProRule:PRU01348""; ACT_SITE 975; /note=""Proton acceptor; for dehydratase activity 1""; /evidence=""ECO:0000255|PROSITE-ProRule:PRU01363""; ACT_SITE 1141; /note=""Proton donor; for dehydratase activity 1""; /evidence=""ECO:0000255|PROSITE-ProRule:PRU01363""; ACT_SITE 1924; /note=""For beta-ketoacyl synthase 2 activity""; /evidence=""ECO:0000255|PROSITE-ProRule:PRU01348""; ACT_SITE 2059; /note=""For beta-ketoacyl synthase 2 activity""; /evidence=""ECO:0000255|PROSITE-ProRule:PRU01348""; ACT_SITE 2099; /note=""For beta-ketoacyl synthase 2 activity""; /evidence=""ECO:0000255|PROSITE-ProRule:PRU01348""; ACT_SITE 2723; /note=""Proton acceptor; for dehydratase activity 2""; /evidence=""ECO:0000255|PROSITE-ProRule:PRU01363""; ACT_SITE 2882; /note=""Proton donor; for dehydratase activity 2""; /evidence=""ECO:0000255|PROSITE-ProRule:PRU01363"""
E0D206,"ACT_SITE 206; /note=""For beta-ketoacyl synthase 1 activity""; /evidence=""ECO:0000255|PROSITE-ProRule:PRU01348""; ACT_SITE 341; /note=""For beta-ketoacyl synthase 1 activity""; /evidence=""ECO:0000255|PROSITE-ProRule:PRU01348""; ACT_SITE 381; /note=""For beta-ketoacyl synthase 1 activity""; /evidence=""ECO:0000255|PROSITE-ProRule:PRU01348""; ACT_SITE 976; /note=""Proton acceptor; for dehydratase activity 1""; /evidence=""ECO:0000255|PROSITE-ProRule:PRU01363""; ACT_SITE 1142; /note=""Proton donor; for dehydratase activity 1""; /evidence=""ECO:0000255|PROSITE-ProRule:PRU01363""; ACT_SITE 1921; /note=""For beta-ketoacyl synthase 2 activity""; /evidence=""ECO:0000255|PROSITE-ProRule:PRU01348""; ACT_SITE 2056; /note=""For beta-ketoacyl synthase 2 activity""; /evidence=""ECO:0000255|PROSITE-ProRule:PRU01348""; ACT_SITE 2096; /note=""For beta-ketoacyl synthase 2 activity""; /evidence=""ECO:0000255|PROSITE-ProRule:PRU01348""; ACT_SITE 2688; /note=""Proton acceptor; for dehydratase activity 2""; /evidence=""ECO:0000255|PROSITE-ProRule:PRU01363""; ACT_SITE 2855; /note=""Proton donor; for dehydratase activity 2""; /evidence=""ECO:0000255|PROSITE-ProRule:PRU01363"""
E0D208,"ACT_SITE 146; /note=""Proton acceptor""; /evidence=""ECO:0000305|PubMed:26630077"""
E6Y8B9,"ACT_SITE 316; /note=""Charge relay system""; /evidence=""ECO:0000255|PROSITE-ProRule:PRU01240""; ACT_SITE 372; /note=""Charge relay system""; /evidence=""ECO:0000255|PROSITE-ProRule:PRU01240""; ACT_SITE 549; /note=""Charge relay system""; /evidence=""ECO:0000255|PROSITE-ProRule:PRU01240"""
E7FL15,"ACT_SITE 254; /note=""Proton acceptor""; /evidence=""ECO:0000255|PROSITE-ProRule:PRU01020"""
E9Q3D4,"ACT_SITE 154; /note=""Proton acceptor""; /evidence=""ECO:0000255|PROSITE-ProRule:PRU10001"""
G0RBE3,"ACT_SITE 931; /note=""Proton acceptor""; /evidence=""ECO:0000255|PROSITE-ProRule:PRU00159"""
G0S1P8,"ACT_SITE 60; /note=""Cysteine sulfenic acid (-SOH) intermediate""; /evidence=""ECO:0000250|UniProtKB:P38013"""
G1X456,"ACT_SITE 331; /note=""Proton acceptor""; /evidence=""ECO:0000255|PROSITE-ProRule:PRU00159"""
G1XJZ4,"ACT_SITE 141; /note=""Proton acceptor""; /evidence=""ECO:0000255|PROSITE-ProRule:PRU00159"""
G2X0L1,"ACT_SITE 127; /note=""Nucleophile""; /evidence=""ECO:0000255|PROSITE-ProRule:PRU01097""; ACT_SITE 218; /note=""Proton donor""; /evidence=""ECO:0000255|PROSITE-ProRule:PRU01097"""
G2X4G1,"ACT_SITE 117; /note=""Nucleophile""; /evidence=""ECO:0000255|PROSITE-ProRule:PRU01097""; ACT_SITE 205; /note=""Proton donor""; /evidence=""ECO:0000255|PROSITE-ProRule:PRU01097"""
G2X5X8,"ACT_SITE 114; /note=""Nucleophile""; /evidence=""ECO:0000255|PROSITE-ProRule:PRU01097""; ACT_SITE 205; /note=""Proton donor""; /evidence=""ECO:0000255|PROSITE-ProRule:PRU01097"""
G2X8M4,"ACT_SITE 122; /note=""Nucleophile""; /evidence=""ECO:0000255|PROSITE-ProRule:PRU01097""; ACT_SITE 213; /note=""Proton donor""; /evidence=""ECO:0000255|PROSITE-ProRule:PRU01097"""
G4NCP4,"ACT_SITE 154; /note=""Proton donor/acceptor""; /evidence=""ECO:0000250|UniProtKB:Q05871"""
I0AIT9,"ACT_SITE 176; /note=""Proton donor/acceptor""; /evidence=""ECO:0000305|PubMed:35065074""; ACT_SITE 343; /note=""Nucleophile""; /evidence=""ECO:0000305|PubMed:35065074"""
I6XA42,"ACT_SITE 138; /evidence=""ECO:0000305"""
J9VIY8,"ACT_SITE 154; /note=""Nucleophile""; /evidence=""ECO:0000250|UniProtKB:O60062, ECO:0000255|PIRSR:PIRSR000443-1""; ACT_SITE 438; /evidence=""ECO:0000250|UniProtKB:O60062, ECO:0000255|PIRSR:PIRSR000443-1""; ACT_SITE 467; /evidence=""ECO:0000250|UniProtKB:O60062, ECO:0000255|PIRSR:PIRSR000443-1"""
K9GHZ3,"ACT_SITE 112; /note=""Nucleophile""; /evidence=""ECO:0000255|PROSITE-ProRule:PRU01097""; ACT_SITE 203; /note=""Proton donor""; /evidence=""ECO:0000255|PROSITE-ProRule:PRU01097"""
M4MEY9,"ACT_SITE 216; /note=""Proton donor""; /evidence=""ECO:0000255|PROSITE-ProRule:PRU01096""; ACT_SITE 326; /note=""Nucleophile""; /evidence=""ECO:0000255|PROSITE-ProRule:PRU01096"""
M4MGK7,"ACT_SITE 170; /note=""Proton donor""; /evidence=""ECO:0000255|PROSITE-ProRule:PRU01096""; ACT_SITE 277; /note=""Nucleophile""; /evidence=""ECO:0000255|PROSITE-ProRule:PRU01096"""
M4MLB5,"ACT_SITE 166; /note=""Proton donor""; /evidence=""ECO:0000255|PROSITE-ProRule:PRU01096""; ACT_SITE 274; /note=""Nucleophile""; /evidence=""ECO:0000255|PROSITE-ProRule:PRU01096"""
O51799,"ACT_SITE 26; /note=""Proton donor/acceptor""; /evidence=""ECO:0000250|UniProtKB:C5MR76"""
P0DRJ7,"ACT_SITE 140; /note=""Charge relay system""; /evidence=""ECO:0000250|UniProtKB:O15393"""
P0DXI6,"ACT_SITE 95; /note=""Nucleophile""; /evidence=""ECO:0000250|UniProtKB:J9U5U9""; ACT_SITE 217; /evidence=""ECO:0000250|UniProtKB:Q10QA5""; ACT_SITE 246; /evidence=""ECO:0000250|UniProtKB:J9U5U9"""
P0DXI7,"ACT_SITE 95; /note=""Nucleophile""; /evidence=""ECO:0000250|UniProtKB:J9U5U9""; ACT_SITE 217; /evidence=""ECO:0000250|UniProtKB:Q10QA5"""
P0DXI8,"ACT_SITE 95; /note=""Nucleophile""; /evidence=""ECO:0000250|UniProtKB:J9U5U9""; ACT_SITE 217; /evidence=""ECO:0000250|UniProtKB:Q10QA5""; ACT_SITE 246; /evidence=""ECO:0000250|UniProtKB:J9U5U9"""
P0DXJ0,"ACT_SITE 221; /note=""Proton acceptor""; /evidence=""ECO:0000255|PROSITE-ProRule:PRU00159, ECO:0000255|PROSITE-ProRule:PRU10027"""
P0DXJ4,"ACT_SITE 34; /note=""Nucleophile""; /evidence=""ECO:0000250|UniProtKB:Q00017""; ACT_SITE 332; /evidence=""ECO:0000250|UniProtKB:Q00017""; ACT_SITE 335; /evidence=""ECO:0000250|UniProtKB:Q00017"""
P0DXJ5,"ACT_SITE 38; /note=""Nucleophile""; /evidence=""ECO:0000250|UniProtKB:Q00017""; ACT_SITE 335; /evidence=""ECO:0000250|UniProtKB:Q00017""; ACT_SITE 338; /evidence=""ECO:0000250|UniProtKB:Q00017"""
P0DXJ7,"ACT_SITE 292; /note=""Proton acceptor""; /evidence=""ECO:0000255|PROSITE-ProRule:PRU01020"""
P0DXJ8,"ACT_SITE 292; /note=""Proton acceptor""; /evidence=""ECO:0000255|PROSITE-ProRule:PRU01020"""
P0DXJ9,"ACT_SITE 268; /note=""Proton acceptor""; /evidence=""ECO:0000255|PROSITE-ProRule:PRU01020"""
P0DXN8,"ACT_SITE 134; /evidence=""ECO:0000269|PubMed:39039073, ECO:0000305|PubMed:39059542""; ACT_SITE 135; /evidence=""ECO:0000269|PubMed:39039073, ECO:0000305|PubMed:39059542""; ACT_SITE 171; /evidence=""ECO:0000269|PubMed:39039073, ECO:0000305|PubMed:39059542"""
P0DXO4,"ACT_SITE 80; /evidence=""ECO:0000250|UniProtKB:P0CK68""; ACT_SITE 108; /evidence=""ECO:0000250|UniProtKB:P0CK68"""
P0DXO5,"ACT_SITE 80; /evidence=""ECO:0000250|UniProtKB:P0CK68""; ACT_SITE 108; /evidence=""ECO:0000250|UniProtKB:P0CK68""; ACT_SITE 134; /evidence=""ECO:0000305|PubMed:23283952"""
P0DXO6,"ACT_SITE 80; /evidence=""ECO:0000250|UniProtKB:P0CK68""; ACT_SITE 108; /evidence=""ECO:0000250|UniProtKB:P0CK68"""
P0DXV7,"ACT_SITE 184; /note=""For beta-ketoacyl synthase activity""; /evidence=""ECO:0000255|PROSITE-ProRule:PRU01348""; ACT_SITE 319; /note=""For beta-ketoacyl synthase activity""; /evidence=""ECO:0000255|PROSITE-ProRule:PRU01348""; ACT_SITE 359; /note=""For beta-ketoacyl synthase activity""; /evidence=""ECO:0000255|PROSITE-ProRule:PRU01348""; ACT_SITE 974; /note=""Proton acceptor; for dehydratase activity""; /evidence=""ECO:0000255|PROSITE-ProRule:PRU01363""; ACT_SITE 1156; /note=""Proton donor; for dehydratase activity""; /evidence=""ECO:0000255|PROSITE-ProRule:PRU01363"""
P0DXV8,"ACT_SITE 182; /note=""For beta-ketoacyl synthase activity""; /evidence=""ECO:0000255|PROSITE-ProRule:PRU01348""; ACT_SITE 317; /note=""For beta-ketoacyl synthase activity""; /evidence=""ECO:0000255|PROSITE-ProRule:PRU01348""; ACT_SITE 357; /note=""For beta-ketoacyl synthase activity""; /evidence=""ECO:0000255|PROSITE-ProRule:PRU01348""; ACT_SITE 959; /note=""Proton acceptor; for dehydratase activity""; /evidence=""ECO:0000255|PROSITE-ProRule:PRU01363""; ACT_SITE 1137; /note=""Proton donor; for dehydratase activity""; /evidence=""ECO:0000255|PROSITE-ProRule:PRU01363"""
P0DXW2,"ACT_SITE 237; /note=""Proton donor""; /evidence=""ECO:0000250|UniProtKB:O93868""; ACT_SITE 241; /note=""Lowers pKa of active site Tyr""; /evidence=""ECO:0000250|UniProtKB:O93868"""
P0DXX5,"ACT_SITE 137; /evidence=""ECO:0000305|PubMed:29777131"""
P0DXY1,"ACT_SITE 175; /note=""Proton donor""; /evidence=""ECO:0000305|PubMed:39867842"""
P0DXZ6,"ACT_SITE 73; /evidence=""ECO:0000250|UniProtKB:P00630""; ACT_SITE 103; /evidence=""ECO:0000250|UniProtKB:P00630"""
P0DY22,"ACT_SITE 538; /note=""Proton acceptor""; /evidence=""ECO:0000250|UniProtKB:E4QP00"""
P0DY42,"ACT_SITE 81; /evidence=""ECO:0000250|UniProtKB:P00608, ECO:0000255|PROSITE-ProRule:PRU10035""; ACT_SITE 128; /evidence=""ECO:0000250|UniProtKB:P00608"""
P9WEF8,"ACT_SITE 213; /note=""Proton donor""; /evidence=""ECO:0000250|UniProtKB:O93868""; ACT_SITE 217; /note=""Lowers pKa of active site Tyr""; /evidence=""ECO:0000250|UniProtKB:O93868"""
P9WEG1,"ACT_SITE 526; /note=""For beta-ketoacyl synthase activity""; /evidence=""ECO:0000255|PROSITE-ProRule:PRU01348""; ACT_SITE 661; /note=""For beta-ketoacyl synthase activity""; /evidence=""ECO:0000255|PROSITE-ProRule:PRU01348""; ACT_SITE 700; /note=""For beta-ketoacyl synthase activity""; /evidence=""ECO:0000255|PROSITE-ProRule:PRU01348""; ACT_SITE 968; /note=""For acyl/malonyl transferase activity""; /evidence=""ECO:0000255|PROSITE-ProRule:PRU10022""; ACT_SITE 1282; /note=""Proton acceptor; for dehydratase activity""; /evidence=""ECO:0000255|PROSITE-ProRule:PRU01363""; ACT_SITE 1469; /note=""Proton donor; for dehydratase activity""; /evidence=""ECO:0000255|PROSITE-ProRule:PRU01363""; ACT_SITE 2272; /note=""For thioesterase activity""; /evidence=""ECO:0000250|UniProtKB:Q5ATJ7""; ACT_SITE 2428; /note=""For thioesterase activity""; /evidence=""ECO:0000250|UniProtKB:Q5ATJ7"""
P9WEG4,"ACT_SITE 308; /note=""Proton acceptor""; /evidence=""ECO:0000255|PROSITE-ProRule:PRU01020"""
P9WEG6,"ACT_SITE 234; /note=""Proton donor""; /evidence=""ECO:0000250|UniProtKB:O93868""; ACT_SITE 238; /note=""Lowers pKa of active site Tyr""; /evidence=""ECO:0000250|UniProtKB:O93868"""
Q0CPG9,"ACT_SITE 511; /note=""Proton acceptor""; /evidence=""ECO:0000250|UniProtKB:P9WKJ5"""
Q2PAY2,"ACT_SITE 409; /note=""Proton acceptor""; /evidence=""ECO:0000255|PROSITE-ProRule:PRU00159"""
Q2PAY3,"ACT_SITE 436; /note=""Proton acceptor""; /evidence=""ECO:0000255|PROSITE-ProRule:PRU00159"""
Q2R560,"ACT_SITE 708; /note=""Proton acceptor""; /evidence=""ECO:0000255|PROSITE-ProRule:PRU00159"""
Q2TR58,"ACT_SITE 83; /note=""Acyl-ester intermediate""; /evidence=""ECO:0000255|PIRSR:PIRSR602137-50, ECO:0000269|PubMed:26459904, ECO:0007744|PDB:4Y0U"""
Q2TXQ1,"ACT_SITE 299; /note=""Proton acceptor""; /evidence=""ECO:0000255|PROSITE-ProRule:PRU01020"""
Q2TXQ8,"ACT_SITE 558; /note=""For beta-ketoacyl synthase activity""; /evidence=""ECO:0000255|PROSITE-ProRule:PRU01348""; ACT_SITE 693; /note=""For beta-ketoacyl synthase activity""; /evidence=""ECO:0000255|PROSITE-ProRule:PRU01348""; ACT_SITE 735; /note=""For beta-ketoacyl synthase activity""; /evidence=""ECO:0000255|PROSITE-ProRule:PRU01348""; ACT_SITE 1334; /note=""Proton acceptor; for dehydratase activity""; /evidence=""ECO:0000255|PROSITE-ProRule:PRU01363""; ACT_SITE 1519; /note=""Proton donor; for dehydratase activity""; /evidence=""ECO:0000255|PROSITE-ProRule:PRU01363"""
Q2TXQ9,"ACT_SITE 324; /note=""Proton acceptor""; /evidence=""ECO:0000255|PROSITE-ProRule:PRU01020"""
Q2U919,"ACT_SITE 283; /note=""Proton donor/acceptor""; /evidence=""ECO:0000255|PIRSR:PIRSR033096-1"""
Q388N2,"ACT_SITE 279; /note=""Proton donor/acceptor""; /evidence=""ECO:0000255, ECO:0000255|PIRSR:PIRSR033096-1"""
Q47720,"ACT_SITE 14; /evidence=""ECO:0000255|PIRSR:PIRSR039102-1""; ACT_SITE 187; /evidence=""ECO:0000255|PIRSR:PIRSR039102-1""; ACT_SITE 321; /evidence=""ECO:0000255|PIRSR:PIRSR039102-1"""
Q4WD22,"ACT_SITE 109; /note=""Nucleophile""; /evidence=""ECO:0000250|UniProtKB:P27051""; ACT_SITE 113; /note=""Proton donor""; /evidence=""ECO:0000250|UniProtKB:P27051"""
Q4WMW2,"ACT_SITE 119; /note=""Nucleophile""; /evidence=""ECO:0000250|UniProtKB:P27051""; ACT_SITE 123; /note=""Proton donor""; /evidence=""ECO:0000250|UniProtKB:P27051"""
Q4WWR8,"ACT_SITE 154; /note=""Acyl-thioester intermediate""; /evidence=""ECO:0000255|PIRSR:PIRSR000148-1""; ACT_SITE 251; /note=""Proton acceptor""; /evidence=""ECO:0000255|PIRSR:PIRSR000148-1"""
Q4WXE6,"ACT_SITE 118; /note=""Nucleophile""; /evidence=""ECO:0000250|UniProtKB:P27051""; ACT_SITE 122; /note=""Proton donor""; /evidence=""ECO:0000250|UniProtKB:P27051"""
Q53AM4,"ACT_SITE 159; /note=""Charge relay system""; /evidence=""ECO:0000255|PROSITE-ProRule:PRU01027""; ACT_SITE 181; /note=""Charge relay system""; /evidence=""ECO:0000255|PROSITE-ProRule:PRU01027""; ACT_SITE 232; /note=""Charge relay system""; /evidence=""ECO:0000255|PROSITE-ProRule:PRU01027"""
Q584D1,"ACT_SITE 205; /evidence=""ECO:0000255|PROSITE-ProRule:PRU00153""; ACT_SITE 207; /evidence=""ECO:0000255|PROSITE-ProRule:PRU00153""; ACT_SITE 212; /evidence=""ECO:0000255|PROSITE-ProRule:PRU00153""; ACT_SITE 540; /evidence=""ECO:0000255|PROSITE-ProRule:PRU00153""; ACT_SITE 542; /evidence=""ECO:0000255|PROSITE-ProRule:PRU00153""; ACT_SITE 547; /evidence=""ECO:0000255|PROSITE-ProRule:PRU00153"""
Q5ALM0,"ACT_SITE 156; /note=""Acyl-thioester intermediate""; /evidence=""ECO:0000255|PIRSR:PIRSR000148-1""; ACT_SITE 256; /note=""Proton acceptor""; /evidence=""ECO:0000255|PIRSR:PIRSR000148-1"""
Q5AY39,"ACT_SITE 200; /note=""For beta-ketoacyl synthase activity""; /evidence=""ECO:0000255|PROSITE-ProRule:PRU01348""; ACT_SITE 326; /note=""For beta-ketoacyl synthase activity""; /evidence=""ECO:0000255|PROSITE-ProRule:PRU01348""; ACT_SITE 366; /note=""For beta-ketoacyl synthase activity""; /evidence=""ECO:0000255|PROSITE-ProRule:PRU01348""; ACT_SITE 981; /note=""Proton acceptor; for dehydratase activity""; /evidence=""ECO:0000255|PROSITE-ProRule:PRU01363""; ACT_SITE 1169; /note=""Proton donor; for dehydratase activity""; /evidence=""ECO:0000255|PROSITE-ProRule:PRU01363"""
Q5EP34,"ACT_SITE 134; /evidence=""ECO:0000305|PubMed:22876176"""
Q5KPK7,"ACT_SITE 156; /note=""Acyl-thioester intermediate""; /evidence=""ECO:0000255|PIRSR:PIRSR000148-1""; ACT_SITE 255; /note=""Proton acceptor""; /evidence=""ECO:0000255|PIRSR:PIRSR000148-1"""
Q6XEC0,"ACT_SITE 70; /note=""Acyl-ester intermediate""; /evidence=""ECO:0000255|PIRSR:PIRSR602137-50, ECO:0000269|PubMed:25406838, ECO:0000269|PubMed:26731698, ECO:0000269|PubMed:31358584, ECO:0000269|PubMed:32150407, ECO:0007744|PDB:4WMC, ECO:0007744|PDB:5FAQ, ECO:0007744|PDB:5FAS, ECO:0007744|PDB:6P97, ECO:0007744|PDB:6P98, ECO:0007744|PDB:6P99, ECO:0007744|PDB:6P9C, ECO:0007744|PDB:6V1O"""
Q8H305,"ACT_SITE 170; /note=""Nucleophile""; /evidence=""ECO:0000250|UniProtKB:Q94FV7"""
Q8KN66,"ACT_SITE 166; /note=""Proton acceptor""; /evidence=""ECO:0000250|UniProtKB:P09147"""
Q8RI81,"ACT_SITE 67; /note=""Proton acceptor""; /evidence=""ECO:0000305|PubMed:39424140""; ACT_SITE 209; /note=""Proton donor""; /evidence=""ECO:0000305|PubMed:39424140"""
Q8ZL98,"ACT_SITE 140; /evidence=""ECO:0000305"""
Q97ZJ8,"ACT_SITE 318; /note=""O-(5'-phospho-DNA)-tyrosine intermediate""; /evidence=""ECO:0000255|PROSITE-ProRule:PRU01383"""
Q9JN36,"ACT_SITE 153; /note=""catalytic acid/base residue""; /evidence=""ECO:0000269|PubMed:24711382"""
Q9L392,"ACT_SITE 8; /note=""Nucleophile""; /evidence=""ECO:0000250|UniProtKB:Q96GD0""; ACT_SITE 10; /note=""Proton donor""; /evidence=""ECO:0000250|UniProtKB:Q96GD0"""
Q9L393,"ACT_SITE 31; /note=""Proton donor""; /evidence=""ECO:0000255|HAMAP-Rule:MF_01876""; ACT_SITE 165; /note=""Nucleophile""; /evidence=""ECO:0000255|HAMAP-Rule:MF_01876"""
Q9RHD7,"ACT_SITE 258; /note=""Nucleophile""; /evidence=""ECO:0000250|UniProtKB:Q0P8H3"""
Q9UVF9,"ACT_SITE 119; /note=""Nucleophile""; /evidence=""ECO:0000255|PROSITE-ProRule:PRU01097""; ACT_SITE 210; /note=""Proton donor""; /evidence=""ECO:0000255|PROSITE-ProRule:PRU01097"""
Q9VJ90,"ACT_SITE 268; /note=""Proton acceptor""; /evidence=""ECO:0000255|PROSITE-ProRule:PRU00159, ECO:0000255|PROSITE-ProRule:PRU10027"""
Q9W3Y1,"ACT_SITE 250; /note=""Proton acceptor""; /evidence=""ECO:0000255|PROSITE-ProRule:PRU00159, ECO:0000255|PROSITE-ProRule:PRU10027"""
S8EUF0,"ACT_SITE 236; /note=""Proton acceptor""; /evidence=""ECO:0000255|PROSITE-ProRule:PRU00159"""
S8GI44,"ACT_SITE 240; /note=""Proton acceptor""; /evidence=""ECO:0000255|PROSITE-ProRule:PRU00159"""
V9TNS0,"ACT_SITE 12; /note=""Proton acceptor""; /evidence=""ECO:0000250|UniProtKB:Q45071""; ACT_SITE 228; /note=""Proton donor""; /evidence=""ECO:0000250|UniProtKB:Q45071"""
V9TS54,"ACT_SITE 113; /note=""Nucleophile""; /evidence=""ECO:0000255|PROSITE-ProRule:PRU01097""; ACT_SITE 205; /note=""Proton donor""; /evidence=""ECO:0000255|PROSITE-ProRule:PRU01097"""
V9TT49,"ACT_SITE 367; /note=""Proton donor""; /evidence=""ECO:0000250|UniProtKB:Q45071"""
W1QET1,"ACT_SITE 188; /note=""Glycyl thioester intermediate; for adenylyltransferase activity""; /evidence=""ECO:0000255|HAMAP-Rule:MF_03049""; ACT_SITE 347; /note=""Cysteine persulfide intermediate""; /evidence=""ECO:0000255|PROSITE-ProRule:PRU00173"""
