Entry,Gene Ontology (cellular component)
A0A023PMT2,extracellular space [GO:0005615]
A0A059U8Y9,extracellular region [GO:0005576]; membrane [GO:0016020]; other organism cell membrane [GO:0044218]
A0A067N4H9,extracellular region [GO:0005576]; fungal-type cell wall [GO:0009277]
A0A067N4P3,extracellular region [GO:0005576]; fungal-type cell wall [GO:0009277]
A0A067N4P7,extracellular region [GO:0005576]; fungal-type cell wall [GO:0009277]; membrane [GO:0016020]
A0A067N582,extracellular region [GO:0005576]; fungal-type cell wall [GO:0009277]
A0A067N648,extracellular region [GO:0005576]; fungal-type cell wall [GO:0009277]
A0A067N7P3,extracellular region [GO:0005576]; fungal-type cell wall [GO:0009277]
A0A067NEJ5,extracellular region [GO:0005576]; fungal-type cell wall [GO:0009277]
A0A067NFU6,extracellular region [GO:0005576]; fungal-type cell wall [GO:0009277]
A0A067NGV3,extracellular region [GO:0005576]; fungal-type cell wall [GO:0009277]
A0A067NHE1,extracellular region [GO:0005576]; fungal-type cell wall [GO:0009277]
A0A067NHW8,extracellular region [GO:0005576]; fungal-type cell wall [GO:0009277]
A0A067NMT6,extracellular region [GO:0005576]; fungal-type cell wall [GO:0009277]
A0A067NN74,extracellular region [GO:0005576]; fungal-type cell wall [GO:0009277]
A0A067NRJ8,extracellular region [GO:0005576]; fungal-type cell wall [GO:0009277]
A0A067NRQ5,extracellular region [GO:0005576]; fungal-type cell wall [GO:0009277]
A0A067P0I9,extracellular region [GO:0005576]; fungal-type cell wall [GO:0009277]
A0A067P1E6,extracellular region [GO:0005576]; fungal-type cell wall [GO:0009277]
A0A067P1K6,extracellular region [GO:0005576]; fungal-type cell wall [GO:0009277]
A0A067P494,extracellular region [GO:0005576]; fungal-type cell wall [GO:0009277]
A0A067P943,extracellular region [GO:0005576]; fungal-type cell wall [GO:0009277]; membrane [GO:0016020]
A0A067PCX8,extracellular region [GO:0005576]; fungal-type cell wall [GO:0009277]
A0A075D654,cytoplasm [GO:0005737]
A0A075D6M1,cytoplasm [GO:0005737]
A0A077Y877,plasma membrane [GO:0005886]; vacuolar membrane [GO:0005774]
A0A080WMA9,cytosol [GO:0005829]; nucleus [GO:0005634]
A0A089LCJ8,cytoplasm [GO:0005737]; extracellular space [GO:0005615]
A0A089MMR2,cytoplasm [GO:0005737]
A0A0A2IC94,extracellular region [GO:0005576]; fungal-type cell wall [GO:0009277]
A0A0A2J434,extracellular region [GO:0005576]; fungal-type cell wall [GO:0009277]
A0A0A2J9B3,nucleus [GO:0005634]
A0A0A2JSZ6,extracellular region [GO:0005576]; fungal-type cell wall [GO:0009277]
A0A0A2K7M3,extracellular region [GO:0005576]; fungal-type cell wall [GO:0009277]
A0A0A8X0K1,extracellular region [GO:0005576]
A0A0A8X338,plasma membrane [GO:0005886]
A0A0A8X5N4,extracellular region [GO:0005576]
A0A0B5JC15,extracellular region [GO:0005576]
A0A0D1BZL3,extracellular region [GO:0005576]; fungal-type cell wall [GO:0009277]
A0A0D1CKI0,fungal-type cell wall [GO:0009277]
A0A0D1CLQ4,cytosol [GO:0005829]
A0A0D1E4Y8,extracellular region [GO:0005576]; nucleus [GO:0005634]
A0A0D1E921,extracellular region [GO:0005576]; plasma membrane [GO:0005886]
A0A0F6B281,cytoplasm [GO:0005737]
A0A0F6NRE2,extracellular region [GO:0005576]
A0A0F7TWW9,mitochondrion [GO:0005739]
A0A0F7TZ11,membrane [GO:0016020]
A0A0F7U0K0,membrane [GO:0016020]
A0A0G4KL96,extracellular region [GO:0005576]
A0A0G4PJR9,extracellular region [GO:0005576]; fungal-type cell wall [GO:0009277]
A0A0H2X6L3,cytoplasm [GO:0005737]
A0A0H3KA40,membrane [GO:0016020]
A0A0J9UHQ6,extracellular region [GO:0005576]
A0A0J9UJP6,extracellular region [GO:0005576]
A0A0J9VT58,nucleus [GO:0005634]
A0A0J9VYS2,nucleus [GO:0005634]
A0A0J9W3S9,nucleus [GO:0005634]
A0A0J9W9G2,nucleus [GO:0005634]
A0A0J9WAS0,nucleus [GO:0005634]
A0A0J9WP80,nucleus [GO:0005634]
A0A0J9WVC0,nucleus [GO:0005634]
A0A0L1JEW4,membrane [GO:0016020]
A0A0L1JF11,cytoplasm [GO:0005737]
A0A0N7FMT9,extracellular region [GO:0005576]; membrane [GO:0016020]; other organism cell membrane [GO:0044218]
A0A0N7KBN8,extracellular region [GO:0005576]; nematocyst [GO:0042151]
A0A0N9LWM6,extracellular region [GO:0005576]; membrane [GO:0016020]; other organism cell membrane [GO:0044218]
A0A0P0UTI6,extracellular region [GO:0005576]; nematocyst [GO:0042151]
A0A0P0UTJ1,extracellular region [GO:0005576]; nematocyst [GO:0042151]
A0A0P0UTQ7,extracellular region [GO:0005576]; nematocyst [GO:0042151]
A0A0R0H9T5,cytoplasm [GO:0005737]; nucleus [GO:0005634]; plasma membrane [GO:0005886]
A0A125YQS6,membrane [GO:0016020]
A0A125YWU9,membrane [GO:0016020]
A0A139AVY4,cytosol [GO:0005829]
A0A162LR42,nucleus [GO:0005634]
A0A179UL48,cytosol [GO:0005829]; nucleus [GO:0005634]
A0A194WDG1,cytoplasm [GO:0005737]; nucleus [GO:0005634]
A0A1B5KW97,nucleus [GO:0005634]
A0A1C3NEV1,plasma membrane [GO:0005886]
A0A1D8PMB8,cytosol [GO:0005829]
A0A1H1YBL2,cytoplasm [GO:0005737]
A0A1I9QLC3,extracellular region [GO:0005576]; fungal-type cell wall [GO:0009277]
A0A1I9QLC4,extracellular region [GO:0005576]; fungal-type cell wall [GO:0009277]
A0A1I9QLC5,extracellular region [GO:0005576]; fungal-type cell wall [GO:0009277]
A0A1I9QLC6,extracellular region [GO:0005576]; fungal-type cell wall [GO:0009277]
A0A1I9QLC7,extracellular region [GO:0005576]; fungal-type cell wall [GO:0009277]
A0A1I9QLC8,extracellular region [GO:0005576]; fungal-type cell wall [GO:0009277]
A0A1I9QLC9,extracellular region [GO:0005576]; fungal-type cell wall [GO:0009277]
A0A1I9QLD0,extracellular region [GO:0005576]; fungal-type cell wall [GO:0009277]
A0A1I9QLD1,extracellular region [GO:0005576]; fungal-type cell wall [GO:0009277]
A0A218NGS0,membrane [GO:0016020]
A0A219TTW8,extracellular region [GO:0005576]
A0A223GB52,cytosol [GO:0005829]
A0A223HDH4,cytosol [GO:0005829]
A0A223HDI2,cytosol [GO:0005829]; membrane [GO:0016020]
A0A224AHH8,cytoplasm [GO:0005737]; extracellular space [GO:0005615]; vesicle [GO:0031982]
A0A2H1K3G9,cytoplasm [GO:0005737]
A0A2H4S6M4,extracellular region [GO:0005576]
A0A2H4SBS0,extracellular region [GO:0005576]
A0A2H4SHM4,extracellular region [GO:0005576]
A0A2H4SI69,extracellular region [GO:0005576]; fungal-type cell wall [GO:0009277]
A0A2H4SKW2,extracellular region [GO:0005576]; fungal-type cell wall [GO:0009277]
A0A2K3D1C8,mitochondrial inner membrane [GO:0005743]; mitochondrion [GO:0005739]
A0A2P1AAV1,mitochondrial inner membrane [GO:0005743]; plasma membrane [GO:0005886]
A0A2R8QHQ6,acrosomal membrane [GO:0002080]; plasma membrane [GO:0005886]
A0A2R8YED5,plasma membrane [GO:0005886]
A0A2T3YYV2,extracellular region [GO:0005576]
A0A2T3Z3L3,extracellular region [GO:0005576]
A0A2T3ZAF2,extracellular region [GO:0005576]
A0A2T3ZC06,extracellular region [GO:0005576]
A0A2T3ZCF4,extracellular region [GO:0005576]
A0A2T3ZJ73,extracellular region [GO:0005576]
A0A2T3ZJV9,extracellular region [GO:0005576]
A0A2T3ZKC8,extracellular region [GO:0005576]
A0A2Z5U368,membrane [GO:0016020]
A0A2Z5U3C2,membrane [GO:0016020]
A0A2Z5U6I9,membrane [GO:0016020]
A0A2Z5UHX0,cytoplasm [GO:0005737]
A0A364LYQ6,nucleus [GO:0005634]
A0A384J6C4,fungal-type cell wall [GO:0009277]; side of membrane [GO:0098552]
A0A384JJM8,extracellular region [GO:0005576]
A0A384JN58,fungal-type cell wall [GO:0009277]; incipient cellular bud site [GO:0000131]; side of membrane [GO:0098552]
A0A384JW35,extracellular region [GO:0005576]
A0A384JXV5,extracellular region [GO:0005576]
A0A384K116,cellular bud neck septin ring [GO:0000144]; fungal-type cell wall [GO:0009277]; side of membrane [GO:0098552]
A0A384K474,extracellular region [GO:0005576]
A0A384K4T0,fungal-type cell wall [GO:0009277]; membrane [GO:0016020]
A0A385XI13,cytoplasm [GO:0005737]; nucleus [GO:0005634]
A0A385XIL0,nucleus [GO:0005634]
A0A3B3IT45,plasma membrane [GO:0005886]
A0A3F2YLV2,cytoplasm [GO:0005737]
A0A3N2PQC3,extracellular region [GO:0005576]
A0A3P8MJV5,extracellular region [GO:0005576]; nematocyst [GO:0042151]
A0A3Q7EKL1,nucleus [GO:0005634]
A0A3S6I186,cytoplasm [GO:0005737]; extracellular space [GO:0005615]; vesicle [GO:0031982]
A0A455LJ99,nucleus [GO:0005634]
A0A455ZIM5,membrane [GO:0016020]
A0A455ZIM6,plasma membrane [GO:0005886]
A0A455ZJD4,cytoplasm [GO:0005737]
A0A498JQK2,cytoplasm [GO:0005737]; phosphopantothenoylcysteine decarboxylase complex [GO:0071513]; plasma membrane [GO:0005886]
A0A4W3GG95,plasma membrane [GO:0005886]
A0A509AC44,plasma membrane [GO:0005886]; symbiont-containing vacuole [GO:0020003]
A0A509AKT6,motile cilium [GO:0031514]; plasma membrane [GO:0005886]
A0A509AM03,extracellular region [GO:0005576]; transport vesicle [GO:0030133]
A0A509AM18,apicoplast [GO:0020011]; membrane [GO:0016020]
A0A5B9G902,chromatin [GO:0000785]; cytoplasm [GO:0005737]; nucleus [GO:0005634]
A0A5C1J0Z8,cytoplasm [GO:0005737]; extracellular space [GO:0005615]; vesicle [GO:0031982]
A0A5J5NT52,plasma membrane [GO:0005886]
A0A5J5T2N2,plasma membrane [GO:0005886]
A0A5N6H279,nucleus [GO:0005634]
A0A6A6H402,membrane [GO:0016020]
A0A6B9HEI0,cytosol [GO:0005829]
A0A6G6VYL3,extracellular region [GO:0005576]; fungal-type cell wall [GO:0009277]
A0A6I8PUB9,plasma membrane [GO:0005886]
A0A6M3YMB5,host cell cytoplasm [GO:0030430]
A0A7G5KET3,cytosol [GO:0005829]; mitochondrion [GO:0005739]
A0A7J6JXB6,endosome membrane [GO:0010008]; trans-Golgi network membrane [GO:0032588]
A0A7J6JXE5,membrane [GO:0016020]
A0A7J6K0L7,cytoplasmic vesicle [GO:0031410]; extracellular region [GO:0005576]; microneme [GO:0020009]
A0A7J6K144,endoplasmic reticulum [GO:0005783]; Golgi apparatus [GO:0005794]; plasma membrane [GO:0005886]
A0A7J6K2G0,cytoplasmic vesicle [GO:0031410]; inner membrane pellicle complex [GO:0070258]; membrane [GO:0016020]; rhoptry [GO:0020008]
A0A7J6K452,cytosol [GO:0005829]; endoplasmic reticulum membrane [GO:0005789]
A0A7J6K9S4,membrane [GO:0016020]
A0A7J6KC99,endoplasmic reticulum [GO:0005783]; Golgi apparatus [GO:0005794]; plasma membrane [GO:0005886]
A0A7M4EAX1,cytoplasm [GO:0005737]
A0A7M6UMR7,endocytic vesicle [GO:0030139]; extracellular space [GO:0005615]; nucleolus [GO:0005730]; nucleus [GO:0005634]
A0A7M6W5F9,extracellular region [GO:0005576]
A0A7M6W880,extracellular region [GO:0005576]
A0A7T8F1I4,membrane [GO:0016020]
A0A7T8F1L2,membrane [GO:0016020]
A0A7T8F1M6,nucleus [GO:0005634]
A0A7U2MSD6,cytoplasm [GO:0005737]; nucleus [GO:0005634]
A0A7U2QYM2,"ADA complex [GO:0140671]; chromosome, centromeric region [GO:0000775]; cytosol [GO:0005829]; nucleus [GO:0005634]; SAGA complex [GO:0000124]; SLIK (SAGA-like) complex [GO:0046695]"
A0A8A5N547,extracellular region [GO:0005576]; fungal-type cell wall [GO:0009277]
A0A8C2LVE3,Golgi membrane [GO:0000139]
A0A8C2M425,endoplasmic reticulum membrane [GO:0005789]; mannosyltransferase complex [GO:0031501]
A0A8I5ZM56,centrosome [GO:0005813]; microtubule cytoskeleton [GO:0015630]; midbody [GO:0030496]; spindle [GO:0005819]
A0A8I6ASZ5,cytosol [GO:0005829]; nucleus [GO:0005634]; RQC complex [GO:1990112]
A0A8I6GJ95,cytosol [GO:0005829]
A0A8I6GM68,aggresome [GO:0016235]; axon [GO:0030424]; axon cytoplasm [GO:1904115]; caveola [GO:0005901]; cell leading edge [GO:0031252]; centrosome [GO:0005813]; ciliary basal body [GO:0036064]; cytoplasm [GO:0005737]; cytosol [GO:0005829]; dendrite [GO:0030425]; histone deacetylase complex [GO:0000118]; inclusion body [GO:0016234]; microtubule [GO:0005874]; microtubule associated complex [GO:0005875]; microtubule cytoskeleton [GO:0015630]; neuron projection [GO:0043005]; neuronal cell body [GO:0043025]; nucleus [GO:0005634]; perikaryon [GO:0043204]; perinuclear region of cytoplasm [GO:0048471]; protein-containing complex [GO:0032991]
A0A8J1K1A4,extracellular space [GO:0005615]
A0A8J1LLF7,cytoplasm [GO:0005737]; nucleus [GO:0005634]; RISC-loading complex [GO:0070578]
A0A8U0WQ84,extracellular region [GO:0005576]
A0A8U0WQF3,chromosome [GO:0005694]; cytoplasm [GO:0005737]; extracellular region [GO:0005576]; nucleolus [GO:0005730]
A0A8U1C100,extracellular region [GO:0005576]
A0A8U1C2Y4,cytoplasm [GO:0005737]; extracellular region [GO:0005576]; nucleus [GO:0005634]
A0A8V0ZB02,actin cytoskeleton [GO:0015629]; early endosome membrane [GO:0031901]; lysosomal membrane [GO:0005765]; plasma membrane [GO:0005886]
A0A974H8H3,cytoplasm [GO:0005737]; nucleus [GO:0005634]; RISC-loading complex [GO:0070578]
A0A9E7LUJ4,membrane [GO:0016020]
A0A9E7S4M3,membrane [GO:0016020]
A0A9E7S4M4,membrane [GO:0016020]
A0A9E8S4N7,extracellular region [GO:0005576]; fungal-type cell wall [GO:0009277]
A0A9P4XUZ4,cytoplasm [GO:0005737]; nucleus [GO:0005634]
A0A9P4XV22,chromatin [GO:0000785]; nucleus [GO:0005634]; transcription regulator complex [GO:0005667]
A0A9P4XWM4,nucleoplasm [GO:0005654]
A0A9P5CQV5,nucleus [GO:0005634]
A0A9P5CTI1,extracellular region [GO:0005576]
A0AA51VJB7,membrane [GO:0016020]
A0AA51Z3J4,cytoplasm [GO:0005737]
A0AAE9G628,"virus tail, tube [GO:0098026]"
A0AAN2H888,membrane [GO:0016020]
A0AAN4PAE6,cytoplasm [GO:0005737]
A0AAN4PB13,cytoplasm [GO:0005737]
A0AAN4PBA1,membrane [GO:0016020]
A0AAQ4VMX2,axon [GO:0030424]; dendrite [GO:0030425]; extracellular space [GO:0005615]; synapse [GO:0045202]
A0AAT9JA24,cytosol [GO:0005829]
A0AAW1HA02,endomembrane system [GO:0012505]; membrane [GO:0016020]
A0AAW1I778,cytoplasm [GO:0005737]
A0AAW1J8D7,membrane [GO:0016020]
A0AAW1JA93,membrane [GO:0016020]
A0AAW1L0L7,lipid droplet [GO:0005811]
A0AAW1NEA3,membrane [GO:0016020]
A0AAW1NHX6,membrane [GO:0016020]
A0QVQ9,cytosol [GO:0005829]
A0R2N2,cytoplasm [GO:0005737]; extracellular region [GO:0005576]
A0R3E8,endomembrane system [GO:0012505]; plasma membrane [GO:0005886]
A1L1L6,mitochondrial outer membrane [GO:0005741]
A1Z830,nucleolus [GO:0005730]
A1ZB29,cytoplasm [GO:0005737]; mitochondrial matrix [GO:0005759]; mitochondrion [GO:0005739]; nucleus [GO:0005634]
A2A5N3,cytoplasm [GO:0005737]
A2IA78,extracellular region [GO:0005576]
A2IA89,extracellular region [GO:0005576]
A2IA90,extracellular region [GO:0005576]
A2IA93,extracellular region [GO:0005576]
A2IAB1,extracellular region [GO:0005576]
A2IAB2,extracellular region [GO:0005576]
A2IAD2,extracellular region [GO:0005576]
A2QQU8,membrane [GO:0016020]; nucleus [GO:0005634]
A2QQU9,membrane [GO:0016020]
A3FMN3,extracellular region [GO:0005576]; mitochondrial inner membrane [GO:0005743]; nucleus [GO:0005634]
A3KQ86,apical plasma membrane [GO:0016324]; endosome [GO:0005768]; membrane [GO:0016020]; myelin sheath [GO:0043209]; recycling endosome membrane [GO:0055038]
A4LAR6,extracellular region [GO:0005576]; fungal-type cell wall [GO:0009277]
A4XXZ0,cytosol [GO:0005829]
A5K264,cytosol [GO:0005829]
A5K9W3,membrane [GO:0016020]
A6IPG1,cytoplasm [GO:0005737]; endoplasmic reticulum [GO:0005783]; eukaryotic translation elongation factor 1 complex [GO:0005853]
A6TGC5,primosome complex [GO:1990077]
A6TGW7,nucleoid [GO:0009295]
A6THB2,replisome [GO:0030894]
A7BJ45,extracellular region [GO:0005576]
A7BJ46,extracellular region [GO:0005576]
A7GKX7,cytoplasm [GO:0005737]
A8JUV4,egg coat [GO:0035805]; extracellular region [GO:0005576]; vitelline envelope [GO:0060388]
A8M6W3,cytosol [GO:0005829]
A8P9W4,extracellular region [GO:0005576]; fungal-type cell wall [GO:0009277]
A8PA37,extracellular region [GO:0005576]; fungal-type cell wall [GO:0009277]
B0BNF8,cytoplasm [GO:0005737]; nuclear envelope [GO:0005635]
B0I564,nucleoplasm [GO:0005654]
B0WQ10,extracellular region [GO:0005576]; mitochondrial inner membrane [GO:0005743]; nucleus [GO:0005634]
B0XAA1,extracellular region [GO:0005576]
B1ARY8,extracellular region [GO:0005576]
B6ZKM3,cytosol [GO:0005829]
B6ZKM4,cytosol [GO:0005829]
B6ZKM5,cytosol [GO:0005829]
B6ZKN1,cytosol [GO:0005829]
B7R4L8,cytoplasm [GO:0005737]
B8JI67,plasma membrane [GO:0005886]
B8NLZ3,cytoplasm [GO:0005737]; nucleus [GO:0005634]
C0HMB8,extracellular region [GO:0005576]
C0HMB9,extracellular region [GO:0005576]
C0HMC0,extracellular region [GO:0005576]
C0HMC1,extracellular region [GO:0005576]
C0HMC2,extracellular region [GO:0005576]
C0JJA4,host cell cytoplasm [GO:0030430]; virion component [GO:0044423]
C3W5S0,host cell cytoplasm [GO:0030430]; host cell nucleus [GO:0042025]
C5E4D9,cytosol [GO:0005829]
C6KT66,cytosol [GO:0005829]
C6SZ50,nucleus [GO:0005634]; phosphopantothenoylcysteine decarboxylase complex [GO:0071513]; plasma membrane [GO:0005886]
C6TA59,nucleus [GO:0005634]; phosphopantothenoylcysteine decarboxylase complex [GO:0071513]; plasma membrane [GO:0005886]
D1FQ14,extracellular region [GO:0005576]
D1MWE7,extracellular region [GO:0005576]
D2VS83,cytoplasm [GO:0005737]; membrane [GO:0016020]; microtubule [GO:0005874]
D2XUU4,extracellular region [GO:0005576]
D2XUU5,extracellular region [GO:0005576]
D2XUU6,extracellular region [GO:0005576]
D2XUU7,extracellular region [GO:0005576]
D2XUU8,extracellular region [GO:0005576]
D2XUU9,extracellular region [GO:0005576]
D2XUV0,extracellular region [GO:0005576]
D2XUV1,extracellular region [GO:0005576]
D3KY98,cytosol [GO:0005829]
D3KY99,cytosol [GO:0005829]
D3KYA0,cytosol [GO:0005829]
D3TS87,extracellular region [GO:0005576]; mitochondrial inner membrane [GO:0005743]; nucleus [GO:0005634]
D3YXF5,extracellular region [GO:0005576]; membrane attack complex [GO:0005579]; plasma membrane [GO:0005886]
D3ZNV2,endoplasmic reticulum membrane [GO:0005789]; membrane [GO:0016020]; nuclear membrane [GO:0031965]
D3ZX63,cytoplasm [GO:0005737]; motile cilium [GO:0031514]; plasma membrane [GO:0005886]; vesicle [GO:0031982]
D4A4L4,axon [GO:0030424]; centrosome [GO:0005813]; microtubule [GO:0005874]; microtubule cytoskeleton [GO:0015630]; midbody [GO:0030496]
D4GU28,cytoplasm [GO:0005737]
D4QD81,cytoplasm [GO:0005737]; extracellular space [GO:0005615]
D5LWW7,helical viral capsid [GO:0019029]; host cell cytoplasm [GO:0030430]; ribonucleoprotein complex [GO:1990904]; viral nucleocapsid [GO:0019013]
D6RQ66,extracellular region [GO:0005576]; fungal-type cell wall [GO:0009277]
D8QCG9,extracellular region [GO:0005576]; fungal-type cell wall [GO:0009277]
E0CZ22,lysosomal membrane [GO:0005765]
E0N688,cell outer membrane [GO:0009279]
E1B8U2,nucleus [GO:0005634]; tRNA methyltransferase complex [GO:0043527]
E1BMV3,collagen-containing extracellular matrix [GO:0062023]; extracellular region [GO:0005576]; matrilin complex [GO:0120216]
E1BN00,monoatomic ion channel complex [GO:0034702]; plasma membrane [GO:0005886]
E4VP11,extracellular region [GO:0005576]
E6Y8B9,extracellular region [GO:0005576]
E7FEL0,plasma membrane [GO:0005886]
E7FHH1,cytoplasm [GO:0005737]
E7FL15,cytosol [GO:0005829]
E9EN44,extracellular region [GO:0005576]
E9F0C5,chromatin [GO:0000785]; nucleus [GO:0005634]
E9FBT2,extracellular region [GO:0005576]; fungal-type cell wall [GO:0009277]
E9FDE9,extracellular region [GO:0005576]; fungal-type cell wall [GO:0009277]
E9Q3D4,cytosol [GO:0005829]
E9Q3G8,cytosol [GO:0005829]; nuclear envelope [GO:0005635]; nuclear inclusion body [GO:0042405]; nuclear membrane [GO:0031965]; nuclear periphery [GO:0034399]; nuclear pore [GO:0005643]; nuclear pore nuclear basket [GO:0044615]; nucleolus [GO:0005730]; nucleoplasm [GO:0005654]
E9Q6D8,extracellular region [GO:0005576]; membrane attack complex [GO:0005579]; plasma membrane [GO:0005886]
E9QT94,extracellular region [GO:0005576]; fungal-type cell wall [GO:0009277]
F1M928,external side of plasma membrane [GO:0009897]; microvillus membrane [GO:0031528]; plasma membrane [GO:0005886]
F4JP43,nucleus [GO:0005634]; plasmodesma [GO:0009506]
F6K5S6,extracellular region [GO:0005576]; membrane [GO:0016020]; other organism cell membrane [GO:0044218]
F6K6F3,extracellular region [GO:0005576]
G0RBE3,IRE1-TRAF2-ASK1 complex [GO:1990604]
G0RT93,cytoplasm [GO:0005737]; nucleus [GO:0005634]
G0RVE5,extracellular region [GO:0005576]
G0S1P8,mitochondrion [GO:0005739]; peroxisome [GO:0005777]
G0SCH6,nucleus [GO:0005634]
G0SE11,cytosol [GO:0005829]
G0SEG2,cytosolic large ribosomal subunit [GO:0022625]
G0SF80,nucleolus [GO:0005730]
G0SHQ2,ribonucleoprotein complex [GO:1990904]; ribosome [GO:0005840]
G1X456,cAMP-dependent protein kinase complex [GO:0005952]; cytosol [GO:0005829]; fungal-type vacuole [GO:0000324]; nucleoplasm [GO:0005654]
G1X9A9,nucleus [GO:0005634]
G1X9E2,plasma membrane [GO:0005886]
G1X9H9,plasma membrane [GO:0005886]
G1XJN1,plasma membrane [GO:0005886]
G1XJZ0,cytoplasm [GO:0005737]; heterotrimeric G-protein complex [GO:0005834]
G1XJZ4,nucleus [GO:0005634]
G2WWH6,cytoplasmic vesicle [GO:0031410]; extracellular region [GO:0005576]; host cell [GO:0043657]
G2X8M4,extracellular region [GO:0005576]
G4MRQ6,nucleoplasm [GO:0005654]; P-body [GO:0000932]
G4MSY9,nucleus [GO:0005634]
G4MYD3,nucleus [GO:0005634]
G4MZ21,cytosol [GO:0005829]; nucleus [GO:0005634]; P-body [GO:0000932]
G4N954,mitochondrion [GO:0005739]
G4NBR8,nucleus [GO:0005634]
G4NCP4,peroxisomal matrix [GO:0005782]
G7IFI7,chloroplast [GO:0009507]; cytoplasm [GO:0005737]
G7LCC3,endoplasmic reticulum membrane [GO:0005789]; nucleus [GO:0005634]
G8JYB2,plasma membrane [GO:0005886]; striated muscle dense body [GO:0055120]
I0AIT9,cytoplasm [GO:0005737]
I1RQE2,cytoplasmic vesicle [GO:0031410]; extracellular region [GO:0005576]; host cell [GO:0043657]
I1SSI6,cytoplasm [GO:0005737]; nucleus [GO:0005634]; SCF ubiquitin ligase complex [GO:0019005]
I6Y1I5,membrane [GO:0016020]
I6YBQ3,cytosol [GO:0005829]
I7AQG9,extracellular region [GO:0005576]
I7MD46,membrane [GO:0016020]
J4KPV6,extracellular region [GO:0005576]; fungal-type cell wall [GO:0009277]
J4UVD7,chromatin [GO:0000785]; nucleus [GO:0005634]
J4W2A8,extracellular region [GO:0005576]; fungal-type cell wall [GO:0009277]
J4WDT5,extracellular region [GO:0005576]
J4WMI6,extracellular region [GO:0005576]
J5JTB1,extracellular region [GO:0005576]
J9UD11,plasma membrane [GO:0005886]
J9VIL4,plasma membrane [GO:0005886]; voltage-gated calcium channel complex [GO:0005891]
J9VIY8,cytoplasm [GO:0005737]
J9VQZ9,cytosol [GO:0005829]
J9VS37,cytosol [GO:0005829]
J9VTB0,plasma membrane [GO:0005886]; voltage-gated calcium channel complex [GO:0005891]
K8ERU3,cytoplasm [GO:0005737]; lysosomal membrane [GO:0005765]
K9GHZ3,extracellular region [GO:0005576]
L0MZ37,extracellular region [GO:0005576]
L0MZ46,extracellular region [GO:0005576]
L0T2H7,extracellular region [GO:0005576]; host cell mitochondrion [GO:0033650]
L7N648,extracellular region [GO:0005576]; host cell mitochondrion [GO:0033650]; host cell nucleolus [GO:0044196]
L7X735,extracellular space [GO:0005615]
M4MEY9,extracellular region [GO:0005576]
M4MGK7,extracellular region [GO:0005576]
M4MLB5,extracellular region [GO:0005576]
M9PH32,cytoplasm [GO:0005737]; nucleoplasm [GO:0005654]
O05858,plasma membrane [GO:0005886]
O06550,cytoplasm [GO:0005737]; extracellular region [GO:0005576]
O13502,extracellular region [GO:0005576]; fungal-type cell wall [GO:0009277]
O13503,extracellular region [GO:0005576]; fungal-type cell wall [GO:0009277]
O17899,plasma membrane [GO:0005886]
O33321,cytosol [GO:0005829]
O60047,extracellular region [GO:0005576]; fungal-type cell wall [GO:0009277]
O60048,extracellular region [GO:0005576]; fungal-type cell wall [GO:0009277]
O76269,plasma membrane [GO:0005886]
O76343,plasma membrane [GO:0005886]
O93917,extracellular region [GO:0005576]; fungal-type cell wall [GO:0009277]
O94203,extracellular region [GO:0005576]
O96161,mitochondrion [GO:0005739]
O96533,checkpoint clamp complex [GO:0030896]; nuclear membrane [GO:0031965]; nucleus [GO:0005634]
O97297,cytoplasm [GO:0005737]; mitochondrion [GO:0005739]
P0DRD9,extracellular region [GO:0005576]
P0DRE0,extracellular region [GO:0005576]
P0DRE1,extracellular region [GO:0005576]
P0DRE2,extracellular region [GO:0005576]
P0DRE3,extracellular region [GO:0005576]
P0DRE4,extracellular region [GO:0005576]
P0DRE5,extracellular region [GO:0005576]
P0DRE6,extracellular region [GO:0005576]
P0DRE7,extracellular region [GO:0005576]
P0DRE8,extracellular region [GO:0005576]
P0DRE9,extracellular region [GO:0005576]
P0DRF0,extracellular region [GO:0005576]
P0DRF1,extracellular region [GO:0005576]
P0DRF2,extracellular region [GO:0005576]
P0DRF3,extracellular region [GO:0005576]
P0DRF4,extracellular region [GO:0005576]
P0DRF5,extracellular region [GO:0005576]
P0DRF6,extracellular region [GO:0005576]
P0DRF7,extracellular region [GO:0005576]
P0DRF8,extracellular region [GO:0005576]
P0DRF9,extracellular region [GO:0005576]
P0DRG0,extracellular region [GO:0005576]
P0DRG1,extracellular region [GO:0005576]
P0DRG2,extracellular region [GO:0005576]
P0DRG3,extracellular region [GO:0005576]
P0DRG4,extracellular region [GO:0005576]
P0DRG5,extracellular region [GO:0005576]
P0DRG6,extracellular region [GO:0005576]
P0DRG7,extracellular region [GO:0005576]
P0DRG8,extracellular region [GO:0005576]
P0DRG9,extracellular region [GO:0005576]
P0DRH0,extracellular region [GO:0005576]
P0DRH1,extracellular region [GO:0005576]
P0DRH2,extracellular region [GO:0005576]
P0DRH3,extracellular region [GO:0005576]; membrane [GO:0016020]; other organism cell membrane [GO:0044218]
P0DRH4,extracellular region [GO:0005576]; membrane [GO:0016020]; other organism cell membrane [GO:0044218]
P0DRH5,extracellular region [GO:0005576]; membrane [GO:0016020]; other organism cell membrane [GO:0044218]
P0DRH6,extracellular region [GO:0005576]; membrane [GO:0016020]; other organism cell membrane [GO:0044218]
P0DXG5,cytoplasm [GO:0005737]
P0DXG8,plasma membrane [GO:0005886]
P0DXI6,cytoplasm [GO:0005737]; nucleus [GO:0005634]
P0DXI7,cytoplasm [GO:0005737]; nucleus [GO:0005634]
P0DXI8,cytoplasm [GO:0005737]; nucleus [GO:0005634]
P0DXN9,host cell cytoplasm [GO:0030430]; host cytoskeleton [GO:0044163]
P0DXO2,host cell cytoplasm [GO:0030430]; host cytoskeleton [GO:0044163]
P0DXO3,host cell cytoplasm [GO:0030430]; host cytoskeleton [GO:0044163]
P0DXU4,ATP-binding cassette (ABC) transporter complex [GO:0043190]
P0DXU5,plasma membrane [GO:0005886]
P0DXU6,ATP-binding cassette (ABC) transporter complex [GO:0043190]
P0DXU7,plasma membrane [GO:0005886]
P0DXU8,ATP-binding cassette (ABC) transporter complex [GO:0043190]
P0DXU9,membrane [GO:0016020]
P0DXV0,membrane [GO:0016020]
P0DXV3,cytoplasm [GO:0005737]
P0DXV4,cytoplasm [GO:0005737]
P0DXW0,membrane [GO:0016020]
P0DXW1,membrane [GO:0016020]
P0DXW3,extracellular region [GO:0005576]
P0DXW4,extracellular region [GO:0005576]
P0DXW5,extracellular region [GO:0005576]
P0DXW6,extracellular region [GO:0005576]
P0DXW7,extracellular region [GO:0005576]
P0DXW8,extracellular region [GO:0005576]
P0DXW9,extracellular region [GO:0005576]
P0DXX0,extracellular region [GO:0005576]
P0DXX1,extracellular region [GO:0005576]; membrane [GO:0016020]; other organism cell membrane [GO:0044218]
P0DXX2,extracellular region [GO:0005576]; membrane [GO:0016020]; other organism cell membrane [GO:0044218]
P0DXX3,extracellular region [GO:0005576]
P0DXY9,cytoplasm [GO:0005737]
P0DXZ4,extracellular region [GO:0005576]; membrane [GO:0016020]; other organism cell membrane [GO:0044218]
P0DXZ5,extracellular region [GO:0005576]
P0DXZ6,extracellular region [GO:0005576]
P0DXZ7,extracellular region [GO:0005576]
P0DXZ8,extracellular region [GO:0005576]
P0DXZ9,extracellular region [GO:0005576]
P0DY00,extracellular region [GO:0005576]
P0DY01,extracellular region [GO:0005576]
P0DY02,extracellular region [GO:0005576]
P0DY03,extracellular region [GO:0005576]
P0DY04,extracellular region [GO:0005576]
P0DY19,extracellular region [GO:0005576]
P71888,cytosol [GO:0005829]
P78601,extracellular region [GO:0005576]; fungal-type cell wall [GO:0009277]
P78602,extracellular region [GO:0005576]; fungal-type cell wall [GO:0009277]
P96277,membrane [GO:0016020]; peptidoglycan-based cell wall [GO:0009274]
P9WEG7,membrane [GO:0016020]
P9WEJ4,membrane [GO:0016020]
P9WEJ6,endoplasmic reticulum membrane [GO:0005789]
Q059A4,mitochondrial inner membrane [GO:0005743]; mitochondrion [GO:0005739]
Q06K53,extracellular region [GO:0005576]
Q06K97,extracellular region [GO:0005576]
Q0CPG6,membrane [GO:0016020]
Q0CPG7,membrane [GO:0016020]
Q0CPG9,mitochondrion [GO:0005739]
Q10SS2,endoplasmic reticulum membrane [GO:0005789]; membrane [GO:0016020]
Q177W0,extracellular space [GO:0005615]
Q17NR1,extracellular space [GO:0005615]
Q17NR4,extracellular space [GO:0005615]
Q1I187,extracellular region [GO:0005576]; fungal-type cell wall [GO:0009277]
Q1LZ24,chromatin [GO:0000785]; nucleoplasm [GO:0005654]; nucleus [GO:0005634]
Q1MWN4,cytosol [GO:0005829]
Q1PA41,membrane [GO:0016020]
Q22HI5,membrane [GO:0016020]
Q239Y2,membrane [GO:0016020]
Q2PAY2,nucleus [GO:0005634]
Q2R560,plasma membrane [GO:0005886]
Q2RBS5,cytoplasm [GO:0005737]
Q2TR58,plasma membrane [GO:0005886]
Q2TXQ7,nucleus [GO:0005634]
Q2U3W7,extracellular region [GO:0005576]; fungal-type cell wall [GO:0009277]
Q2U919,nucleus [GO:0005634]
Q31P89,cytoplasm [GO:0005737]; plasma membrane [GO:0005886]
Q388N2,cytoplasm [GO:0005737]; cytosol [GO:0005829]; nucleus [GO:0005634]
Q3HS86,extracellular region [GO:0005576]; fungal-type cell wall [GO:0009277]
Q3HS87,extracellular region [GO:0005576]; fungal-type cell wall [GO:0009277]
Q47720,cytosol [GO:0005829]; plasma membrane [GO:0005886]
Q4J8Q7,membrane [GO:0016020]
Q4WBR8,extracellular region [GO:0005576]; fungal-type cell wall [GO:0009277]
Q4WC31,extracellular region [GO:0005576]; fungal-type cell wall [GO:0009277]
Q4WD22,plasma membrane [GO:0005886]; side of membrane [GO:0098552]
Q4WEK0,extracellular region [GO:0005576]; fungal-type cell wall [GO:0009277]
Q4WMW2,fungal-type cell wall [GO:0009277]; incipient cellular bud site [GO:0000131]; plasma membrane [GO:0005886]; side of membrane [GO:0098552]
Q4WTH5,cytoplasm [GO:0005737]; nucleus [GO:0005634]
Q4WWM8,cell tip [GO:0051286]
Q4WWR8,cytosol [GO:0005829]; nucleus [GO:0005634]
Q4WXE6,plasma membrane [GO:0005886]; side of membrane [GO:0098552]
Q4WXF4,cytoplasm [GO:0005737]; mitochondrion [GO:0005739]
Q4X055,extracellular region [GO:0005576]; fungal-type cell wall [GO:0009277]
Q53AM4,host cell cytoplasm [GO:0030430]; host cell plasma membrane [GO:0020002]; membrane [GO:0016020]; T=4 icosahedral viral capsid [GO:0039619]; virion membrane [GO:0055036]
Q584D1,kinetoplast [GO:0020023]; mitochondrial inner membrane [GO:0005743]; mitochondrion [GO:0005739]
Q59I63,plasma membrane [GO:0005886]
Q5ALM0,cytosol [GO:0005829]; nucleus [GO:0005634]
Q5AVZ1,extracellular region [GO:0005576]; fungal-type cell wall [GO:0009277]
Q5AY40,nucleus [GO:0005634]
Q5AY42,nucleus [GO:0005634]
Q5AZ79,extracellular region [GO:0005576]; fungal-type cell wall [GO:0009277]
Q5BC93,extracellular region [GO:0005576]; fungal-type cell wall [GO:0009277]
Q5EP34,host cell cytoplasm [GO:0030430]; host cell nucleus [GO:0042025]
Q5F676,cell outer membrane [GO:0009279]
Q5F6V8,primosome complex [GO:1990077]
Q5JE51,cytosolic large ribosomal subunit [GO:0022625]
Q5JEV0,ribonucleoprotein complex [GO:1990904]; ribosome [GO:0005840]
Q5JGN5,cytosolic small ribosomal subunit [GO:0022627]
Q5JHC6,cytoplasm [GO:0005737]
Q5JJG6,cytosolic large ribosomal subunit [GO:0022625]
Q5KIM6,cytosol [GO:0005829]
Q5KPK7,cytosol [GO:0005829]; nucleus [GO:0005634]
Q5SC47,host cell cytoplasm [GO:0030430]
Q5SC49,helical viral capsid [GO:0019029]; host cell cytoplasm [GO:0030430]; ribonucleoprotein complex [GO:1990904]; viral nucleocapsid [GO:0019013]
Q5SC50,host cell cytoplasm [GO:0030430]; virion component [GO:0044423]
Q5SC51,host cell plasma membrane [GO:0020002]; membrane [GO:0016020]; viral envelope [GO:0019031]; virion membrane [GO:0055036]
Q5SC53,host cell plasma membrane [GO:0020002]; membrane [GO:0016020]; viral envelope [GO:0019031]; virion membrane [GO:0055036]
Q5SC54,virion component [GO:0044423]
Q5TVM9,extracellular space [GO:0005615]; plasma membrane [GO:0005886]
Q5U117,cytoplasm [GO:0005737]; mitochondrial matrix [GO:0005759]; mitochondrion [GO:0005739]
Q68Y81,nucleoplasm [GO:0005654]
Q6J4Q1,endocytic vesicle [GO:0030139]; extracellular space [GO:0005615]; nucleus [GO:0005634]
Q6LZC0,cell surface [GO:0009986]; extracellular region [GO:0005576]; membrane [GO:0016020]
Q6LZM3,cell surface [GO:0009986]; extracellular region [GO:0005576]
Q6LZM4,cell surface [GO:0009986]; extracellular region [GO:0005576]; membrane [GO:0016020]
Q6M0N3,cell surface [GO:0009986]; extracellular region [GO:0005576]; membrane [GO:0016020]
Q6M0N4,cell surface [GO:0009986]; extracellular region [GO:0005576]
Q6M0N7,cell surface [GO:0009986]; extracellular region [GO:0005576]; membrane [GO:0016020]
Q6M0N8,plasma membrane [GO:0005886]
Q6NP91,apical part of cell [GO:0045177]; cytoplasm [GO:0005737]; lysosomal membrane [GO:0005765]; plasma membrane [GO:0005886]
Q6UXT6,plasma membrane [GO:0005886]
Q6XEC0,plasma membrane [GO:0005886]
Q6YD93,extracellular region [GO:0005576]
Q6YF29,extracellular region [GO:0005576]
Q6YF31,extracellular region [GO:0005576]; fungal-type cell wall [GO:0009277]
Q6YF32,extracellular region [GO:0005576]; fungal-type cell wall [GO:0009277]
Q75T84,extracellular region [GO:0005576]; fungal-type cell wall [GO:0009277]
Q7K6A5,food vacuole [GO:0020020]; membrane [GO:0016020]; vacuolar membrane [GO:0005774]
Q7PRX9,extracellular region [GO:0005576]
Q7PYT9,extracellular space [GO:0005615]
Q7S3P5,extracellular region [GO:0005576]
Q7TQN4,chromatin [GO:0000785]; cytoplasm [GO:0005737]; cytosol [GO:0005829]; glutamatergic synapse [GO:0098978]; NF-kappaB complex [GO:0071159]; NF-kappaB p50/p65 complex [GO:0035525]; nucleus [GO:0005634]; protein-containing complex [GO:0032991]; synapse [GO:0045202]; transcription regulator complex [GO:0005667]
Q83XP3,cytosol [GO:0005829]
Q8H305,endoplasmic reticulum [GO:0005783]
Q8I266,membrane [GO:0016020]
Q8I299,membrane [GO:0016020]
Q8I397,mitochondrial inner membrane [GO:0005743]; mitochondrial membrane [GO:0031966]
Q8I3M7,membrane [GO:0016020]; plasma membrane [GO:0005886]; vacuolar membrane [GO:0005774]
Q8I4Z1,cytoplasmic vesicle [GO:0031410]; host cell plasma membrane [GO:0020002]; membrane [GO:0016020]
Q8IBB7,plasma membrane [GO:0005886]
Q8IBI5,cytosol [GO:0005829]; mitochondrion [GO:0005739]
Q8IDH9,membrane [GO:0016020]; mitochondrial membrane [GO:0031966]
Q8IEK7,L-cysteine desulfurase complex [GO:1990221]; mitochondrion [GO:0005739]
Q8II12,plasma membrane [GO:0005886]
Q8IIK1,plasma membrane [GO:0005886]
Q8IIR7,endoplasmic reticulum [GO:0005783]
Q8IJI1,membrane [GO:0016020]
Q8IKT4,cytoplasm [GO:0005737]; mitochondrial matrix [GO:0005759]
Q8IP99,nucleus [GO:0005634]; SAGA complex [GO:0000124]
Q8IPA1,nucleus [GO:0005634]; SAGA complex [GO:0000124]
Q8IPZ3,mitochondrial matrix [GO:0005759]; mitochondrion [GO:0005739]
Q8IQA2,cytoplasm [GO:0005737]; nucleus [GO:0005634]; ribonucleoprotein complex [GO:1990904]
Q8LDU1,chloroplast [GO:0009507]
Q8MVC4,extracellular region [GO:0005576]
Q8QV65,host cell plasma membrane [GO:0020002]; membrane [GO:0016020]; viral envelope [GO:0019031]; virion membrane [GO:0055036]
Q8QV69,host cell cytoplasm [GO:0030430]
Q8U0V2,cytoplasm [GO:0005737]
Q8U3G4,cytoplasm [GO:0005737]
Q8X1N0,extracellular region [GO:0005576]; fungal-type cell wall [GO:0009277]
Q8X1T7,extracellular region [GO:0005576]; fungal-type cell wall [GO:0009277]
Q8X1T8,extracellular region [GO:0005576]; fungal-type cell wall [GO:0009277]
Q8X1T9,extracellular region [GO:0005576]; fungal-type cell wall [GO:0009277]
Q90YL6,chromosome [GO:0005694]; RNA polymerase II transcription regulator complex [GO:0090575]
Q95P65,extracellular space [GO:0005615]; plasma membrane [GO:0005886]
Q97U12,cytoplasm [GO:0005737]
Q980C5,cytoplasm [GO:0005737]
Q99YA0,plasma membrane [GO:0005886]
Q9BIM7,membrane [GO:0016020]
Q9C2X0,extracellular region [GO:0005576]
Q9CPU3,membrane [GO:0016020]
Q9CZP3,cytoplasm [GO:0005737]; nucleolus [GO:0005730]; nucleus [GO:0005634]
Q9DQA5,helical viral capsid [GO:0019029]; host cell cytoplasm [GO:0030430]; ribonucleoprotein complex [GO:1990904]; viral nucleocapsid [GO:0019013]
Q9GTP4,plasma membrane [GO:0005886]
Q9GTP5,plasma membrane [GO:0005886]
Q9HDD5,extracellular region [GO:0005576]; fungal-type cell wall [GO:0009277]
Q9HSN1,cytoplasm [GO:0005737]
Q9HUT5,protein-DNA complex [GO:0032993]
Q9J4L4,virion component [GO:0044423]
Q9JAE0,host cell plasma membrane [GO:0020002]; membrane [GO:0016020]; viral envelope [GO:0019031]; virion membrane [GO:0055036]
Q9JN36,cytoplasm [GO:0005737]
Q9K163,cell outer membrane [GO:0009279]
Q9KJT3,plasma membrane [GO:0005886]
Q9KJT4,cytosol [GO:0005829]; protein-DNA complex [GO:0032993]
Q9KN86,periplasmic space [GO:0042597]; plasma membrane [GO:0005886]
Q9KU93,plasma membrane [GO:0005886]
Q9KUL5,periplasmic space [GO:0042597]; plasma membrane [GO:0005886]
Q9KZP3,plasma membrane [GO:0005886]
Q9L391,cytoplasm [GO:0005737]
Q9L392,cytosol [GO:0005829]
Q9L393,cytoplasm [GO:0005737]
Q9LYL8,nucleus [GO:0005634]
Q9NBV4,motile cilium [GO:0031514]; plasma membrane [GO:0005886]
Q9P8S9,extracellular region [GO:0005576]; fungal-type cell wall [GO:0009277]
Q9P8T0,extracellular region [GO:0005576]; fungal-type cell wall [GO:0009277]
Q9VBV8,endomembrane system [GO:0012505]; endoplasmic reticulum membrane [GO:0005789]
Q9VC03,cytoplasm [GO:0005737]; mitochondrion [GO:0005739]; neuromuscular junction [GO:0031594]; neuronal cell body [GO:0043025]; presynaptic active zone [GO:0048786]
Q9VCN9,nucleus [GO:0005634]; SAGA complex [GO:0000124]
Q9VDE8,cytosol [GO:0005829]; nucleus [GO:0005634]
Q9VGE2,histone acetyltransferase complex [GO:0000123]; nucleus [GO:0005634]; SAGA complex [GO:0000124]
Q9VGV8,cytoplasm [GO:0005737]; cytosol [GO:0005829]
Q9VHC5,chromatin [GO:0000785]; cytoplasm [GO:0005737]; histone deacetylase complex [GO:0000118]; nucleus [GO:0005634]
Q9VHK6,cytoplasm [GO:0005737]; mitochondrial [2Fe-2S] assembly complex [GO:0099128]; mitochondrial matrix [GO:0005759]
Q9VJ10,cytoplasm [GO:0005737]; mitochondrial inner membrane [GO:0005743]; mitochondrion [GO:0005739]
Q9VJ90,Dbf4-dependent protein kinase complex [GO:0031431]; nucleus [GO:0005634]
Q9VJG4,mitochondrion [GO:0005739]
Q9VLM7,mitochondrial membrane [GO:0031966]; mitochondrion [GO:0005739]
Q9VMK3,egg chorion [GO:0042600]; extracellular region [GO:0005576]; vitelline envelope [GO:0060388]
Q9VN60,checkpoint clamp complex [GO:0030896]; cytoplasm [GO:0005737]; nucleolus [GO:0005730]; site of double-strand break [GO:0035861]
Q9VPC1,mitochondrion [GO:0005739]
Q9VPF9,integrator complex [GO:0032039]; nucleus [GO:0005634]
Q9VPT4,nucleus [GO:0005634]; SAGA complex [GO:0000124]; SAGA-type complex [GO:0070461]; SLIK (SAGA-like) complex [GO:0046695]; transcription factor TFIID complex [GO:0005669]
Q9VQB6,nucleus [GO:0005634]; polytene chromosome [GO:0005700]; SAGA complex [GO:0000124]; SAGA-type complex [GO:0070461]
Q9VQD4,checkpoint clamp complex [GO:0030896]
Q9VT00,chromatin [GO:0000785]; cytoplasm [GO:0005737]; euchromatin [GO:0000791]; nucleus [GO:0005634]
Q9VU77,cytoplasm [GO:0005737]; nucleus [GO:0005634]
Q9VU86,nucleus [GO:0005634]; SAGA complex [GO:0000124]; SAGA-type complex [GO:0070461]
Q9VX12,nucleus [GO:0005634]; SAGA complex [GO:0000124]
Q9W0M3,cytoplasm [GO:0005737]; nucleoplasm [GO:0005654]; nucleus [GO:0005634]
Q9W1H9,mitochondrial inner membrane [GO:0005743]; mitochondrion [GO:0005739]
Q9W2I4,ATAC complex [GO:0140672]; H3 histone acetyltransferase complex [GO:0070775]; nucleus [GO:0005634]; SAGA complex [GO:0000124]
Q9W3Y1,Dbf4-dependent protein kinase complex [GO:0031431]; nucleus [GO:0005634]
Q9WAF5,host cell plasma membrane [GO:0020002]; membrane [GO:0016020]; viral envelope [GO:0019031]; virion membrane [GO:0055036]
Q9Y7G9,extracellular region [GO:0005576]; fungal-type cell wall [GO:0009277]
Q9Y7H0,extracellular region [GO:0005576]; fungal-type cell wall [GO:0009277]
Q9Y8F0,extracellular region [GO:0005576]; fungal-type cell wall [GO:0009277]
Q9Z0L6,extracellular space [GO:0005615]
Q9ZIH2,plasma membrane [GO:0005886]
R4H5E1,extracellular region [GO:0005576]
R9UC00,extracellular region [GO:0005576]
R9UC04,extracellular region [GO:0005576]
R9UC06,extracellular region [GO:0005576]
R9UC10,extracellular region [GO:0005576]
R9UCX1,extracellular region [GO:0005576]
R9UE59,extracellular region [GO:0005576]
R9UE63,extracellular region [GO:0005576]
R9UE65,extracellular region [GO:0005576]
R9UE68,extracellular region [GO:0005576]
R9UFE0,extracellular region [GO:0005576]
R9UFE4,extracellular region [GO:0005576]
R9UFJ8,extracellular region [GO:0005576]
S8EV69,Ndc80 complex [GO:0031262]
S8EXU2,mitochondrial inner membrane [GO:0005743]
S8G033,nucleus [GO:0005634]
U5T7E4,extracellular region [GO:0005576]
V5H924,cytoplasm [GO:0005737]; extracellular space [GO:0005615]; vesicle [GO:0031982]
V9LFM0,cytoplasm [GO:0005737]
V9TNS0,extracellular region [GO:0005576]
V9TS54,extracellular region [GO:0005576]
W1QAK2,endoplasmic reticulum membrane [GO:0005789]; peroxisomal membrane [GO:0005778]
W1QDU5,endoplasmic reticulum membrane [GO:0005789]; peroxisomal membrane [GO:0005778]
W1QET1,cytosol [GO:0005829]
W1QHP2,endoplasmic reticulum membrane [GO:0005789]; peroxisomal membrane [GO:0005778]
W1QL91,endoplasmic reticulum membrane [GO:0005789]; peroxisomal membrane [GO:0005778]
W8NQ71,extracellular region [GO:0005576]
W8NXX4,extracellular region [GO:0005576]
W8P1J0,extracellular region [GO:0005576]
X0JZ91,cytoplasmic vesicle [GO:0031410]; extracellular region [GO:0005576]; host cell [GO:0043657]
