Entry,Gene Ontology (molecular function)
A0A059WI14,methyltransferase activity [GO:0008168]
A0A067N4H9,structural constituent of cell wall [GO:0005199]
A0A067N4P3,structural constituent of cell wall [GO:0005199]
A0A067N4P7,structural constituent of cell wall [GO:0005199]
A0A067N582,structural constituent of cell wall [GO:0005199]
A0A067N648,structural constituent of cell wall [GO:0005199]
A0A067N7P3,structural constituent of cell wall [GO:0005199]
A0A067NEJ5,structural constituent of cell wall [GO:0005199]
A0A067NFU6,structural constituent of cell wall [GO:0005199]
A0A067NGV3,structural constituent of cell wall [GO:0005199]
A0A067NHE1,structural constituent of cell wall [GO:0005199]
A0A067NHW8,structural constituent of cell wall [GO:0005199]
A0A067NMT6,structural constituent of cell wall [GO:0005199]
A0A067NN74,structural constituent of cell wall [GO:0005199]
A0A067NRJ8,structural constituent of cell wall [GO:0005199]
A0A067NRQ5,structural constituent of cell wall [GO:0005199]
A0A067P0I9,structural constituent of cell wall [GO:0005199]
A0A067P1E6,structural constituent of cell wall [GO:0005199]
A0A067P1K6,structural constituent of cell wall [GO:0005199]
A0A067P494,structural constituent of cell wall [GO:0005199]
A0A067P943,structural constituent of cell wall [GO:0005199]
A0A067PCX8,structural constituent of cell wall [GO:0005199]
A0A075D654,S-adenosylmethionine-dependent methyltransferase activity [GO:0008757]
A0A075D6M1,S-adenosylmethionine-dependent methyltransferase activity [GO:0008757]
A0A077Y877,cadmium ion transmembrane transporter activity [GO:0015086]; manganese ion transmembrane transporter activity [GO:0005384]
A0A080WMA9,aspartate-semialdehyde dehydrogenase activity [GO:0004073]; NAD binding [GO:0051287]; NADP binding [GO:0050661]; protein dimerization activity [GO:0046983]
A0A089LCJ8,beta-galactosidase activity [GO:0004565]; beta-glucuronidase activity [GO:0004566]; carbohydrate binding [GO:0030246]
A0A089MMR2,carbohydrate binding [GO:0030246]; glycosyltransferase activity [GO:0016757]
A0A0A2IC94,structural constituent of cell wall [GO:0005199]
A0A0A2J434,structural constituent of cell wall [GO:0005199]
A0A0A2J9B3,DNA-binding transcription factor activity [GO:0003700]
A0A0A2JSZ6,structural constituent of cell wall [GO:0005199]
A0A0A2K7M3,structural constituent of cell wall [GO:0005199]
A0A0A8X0K1,"4 iron, 4 sulfur cluster binding [GO:0051539]; metal ion binding [GO:0046872]; molybdopterin cofactor binding [GO:0043546]; oxidoreductase activity [GO:0016491]"
A0A0A8X338,oxidoreductase activity [GO:0016491]
A0A0A8X5N4,"4 iron, 4 sulfur cluster binding [GO:0051539]; metal ion binding [GO:0046872]; oxidoreductase activity [GO:0016491]"
A0A0B5JC15,"cellulose binding [GO:0030248]; endo-1,4-beta-xylanase activity [GO:0031176]"
A0A0D1BZL3,structural constituent of cell wall [GO:0005199]
A0A0D1CKI0,structural constituent of cell wall [GO:0005199]
A0A0D1CLQ4,ATP binding [GO:0005524]; ATP hydrolysis activity [GO:0016887]; RNA binding [GO:0003723]; translation elongation factor activity [GO:0003746]
A0A0F6B281,peptidyl-tRNA hydrolase activity [GO:0004045]; tRNA binding [GO:0000049]
A0A0F6B5X3,DNA binding [GO:0003677]
A0A0F6B5X4,"acyltransferase activity, transferring groups other than amino-acyl groups [GO:0016747]; tRNA binding [GO:0000049]"
A0A0F6B8D8,"acyltransferase activity, transferring groups other than amino-acyl groups [GO:0016747]; tRNA binding [GO:0000049]"
A0A0F6B8D9,DNA binding [GO:0003677]
A0A0F6BAH8,DNA binding [GO:0003677]
A0A0F6BAH9,"acyltransferase activity, transferring groups other than amino-acyl groups [GO:0016747]; tRNA binding [GO:0000049]"
A0A0F6NRE2,alpha-L-arabinofuranosidase activity [GO:0046556]
A0A0F7TWW9,"2 iron, 2 sulfur cluster binding [GO:0051537]; dihydroxy-acid dehydratase activity [GO:0004160]; metal ion binding [GO:0046872]"
A0A0F7TWX5,trichodiene synthase activity [GO:0045482]
A0A0F7TZ11,"heme binding [GO:0020037]; iron ion binding [GO:0005506]; monooxygenase activity [GO:0004497]; oxidoreductase activity, acting on paired donors, with incorporation or reduction of molecular oxygen [GO:0016705]"
A0A0F7U0K0,"heme binding [GO:0020037]; iron ion binding [GO:0005506]; monooxygenase activity [GO:0004497]; oxidoreductase activity, acting on paired donors, with incorporation or reduction of molecular oxygen [GO:0016705]"
A0A0G4KL96,"cellulose binding [GO:0030248]; endo-1,4-beta-xylanase activity [GO:0031176]"
A0A0G4PJR9,structural constituent of cell wall [GO:0005199]
A0A0H2X5R2,nicotinamide phosphoribosyltransferase activity [GO:0047280]
A0A0H2X6L3,ATP binding [GO:0005524]; glutaminase activity [GO:0004359]; NAD+ synthase (glutamine-hydrolyzing) activity [GO:0003952]; NAD+ synthase activity [GO:0008795]
A0A0H2XAU1,DNA-binding transcription factor activity [GO:0003700]; sequence-specific DNA binding [GO:0043565]
A0A0H3KA40,endopeptidase activity [GO:0004175]
A0A0J9VT58,"DNA binding [GO:0003677]; DNA-binding transcription factor activity, RNA polymerase II-specific [GO:0000981]; zinc ion binding [GO:0008270]"
A0A0J9VYS2,"DNA binding [GO:0003677]; DNA-binding transcription factor activity, RNA polymerase II-specific [GO:0000981]; zinc ion binding [GO:0008270]"
A0A0J9W3S9,"DNA binding [GO:0003677]; DNA-binding transcription factor activity, RNA polymerase II-specific [GO:0000981]; zinc ion binding [GO:0008270]"
A0A0J9W9G2,"DNA binding [GO:0003677]; DNA-binding transcription factor activity, RNA polymerase II-specific [GO:0000981]; zinc ion binding [GO:0008270]"
A0A0J9WAS0,"DNA binding [GO:0003677]; DNA-binding transcription factor activity, RNA polymerase II-specific [GO:0000981]; zinc ion binding [GO:0008270]"
A0A0J9WP80,"DNA binding [GO:0003677]; DNA-binding transcription factor activity, RNA polymerase II-specific [GO:0000981]; zinc ion binding [GO:0008270]"
A0A0J9WVC0,"DNA binding [GO:0003677]; DNA-binding transcription factor activity, RNA polymerase II-specific [GO:0000981]; zinc ion binding [GO:0008270]"
A0A0L1JEW4,"heme binding [GO:0020037]; iron ion binding [GO:0005506]; monooxygenase activity [GO:0004497]; oxidoreductase activity, acting on paired donors, with incorporation or reduction of molecular oxygen [GO:0016705]"
A0A0L1JEX1,"nucleotide binding [GO:0000166]; oxidoreductase activity, acting on NAD(P)H [GO:0016651]"
A0A0L1JEZ9,monooxygenase activity [GO:0004497]
A0A0L1JF11,ligase activity [GO:0016874]; phosphopantetheine binding [GO:0031177]
A0A0L1JF88,S-adenosylmethionine-dependent methyltransferase activity [GO:0008757]
A0A0L1JG62,3-oxoacyl-[acyl-carrier-protein] synthase activity [GO:0004315]; fatty acid synthase activity [GO:0004312]; methyltransferase activity [GO:0008168]; oxidoreductase activity [GO:0016491]; phosphopantetheine binding [GO:0031177]
A0A0N7KBN8,toxin activity [GO:0090729]
A0A0R0H9T5,cyclosporin A binding [GO:0016018]; peptidyl-prolyl cis-trans isomerase activity [GO:0003755]
A0A0U3AB61,"NAD binding [GO:0051287]; oxidoreductase activity, acting on the CH-CH group of donors, NAD or NADP as acceptor [GO:0016628]; UDP-glucose 6-dehydrogenase activity [GO:0003979]"
A0A0U3CEN8,UDP-N-acetylglucosamine 2-epimerase activity [GO:0008761]
A0A0U3S9Q3,"oxidoreductase activity, acting on the CH-OH group of donors, NAD or NADP as acceptor [GO:0016616]"
A0A0U4AHM6,cinnamyl-alcohol dehydrogenase activity [GO:0045551]; zinc ion binding [GO:0008270]
A0A0U4BHM2,"oxidoreductase activity, acting on the CH-OH group of donors, NAD or NADP as acceptor [GO:0016616]"
A0A139AVY4,ATP binding [GO:0005524]; ATP hydrolysis activity [GO:0016887]; RNA binding [GO:0003723]; translation elongation factor activity [GO:0003746]
A0A162LR42,"DNA-binding transcription factor activity, RNA polymerase II-specific [GO:0000981]; RNA polymerase II transcription regulatory region sequence-specific DNA binding [GO:0000977]; zinc ion binding [GO:0008270]"
A0A166ACJ5,hydrolase activity [GO:0016787]; metal ion binding [GO:0046872]
A0A172QE52,3-oxoacyl-[acyl-carrier-protein] synthase activity [GO:0004315]; fatty acid synthase activity [GO:0004312]; oxidoreductase activity [GO:0016491]; phosphopantetheine binding [GO:0031177]
A0A179UL48,aspartate-semialdehyde dehydrogenase activity [GO:0004073]; NAD binding [GO:0051287]; NADP binding [GO:0050661]; protein dimerization activity [GO:0046983]
A0A194VNL2,ATP binding [GO:0005524]; protein kinase activity [GO:0004672]
A0A194W8T8,ATP binding [GO:0005524]; protein kinase activity [GO:0004672]
A0A194WDG1,ATP binding [GO:0005524]; MAP kinase activity [GO:0004707]; protein serine kinase activity [GO:0106310]
A0A1B5KW97,ATP binding [GO:0005524]; MAP kinase activity [GO:0004707]
A0A1C3NEV1,"metal ion binding [GO:0046872]; phosphotransferase activity, phosphate group as acceptor [GO:0016776]"
A0A1D8PMB8,aspartate kinase activity [GO:0004072]; ATP binding [GO:0005524]
A0A1E3M8P2,nucleotide binding [GO:0000166]; oxidoreductase activity [GO:0016491]
A0A1H1YBL2,cystathionine gamma-lyase activity [GO:0004123]; pyridoxal phosphate binding [GO:0030170]
A0A1I1NU16,metal ion binding [GO:0046872]; metallopeptidase activity [GO:0008237]; ubiquitin-like protein peptidase activity [GO:0019783]
A0A1I1NU27,ubiquitin-like protein transferase activity [GO:0019787]
A0A1I1P074,ubiquitin-like modifier activating enzyme activity [GO:0008641]
A0A1I9QLC3,structural constituent of cell wall [GO:0005199]
A0A1I9QLC4,structural constituent of cell wall [GO:0005199]
A0A1I9QLC5,structural constituent of cell wall [GO:0005199]
A0A1I9QLC6,structural constituent of cell wall [GO:0005199]
A0A1I9QLC7,structural constituent of cell wall [GO:0005199]
A0A1I9QLC8,structural constituent of cell wall [GO:0005199]
A0A1I9QLC9,structural constituent of cell wall [GO:0005199]
A0A1I9QLD0,structural constituent of cell wall [GO:0005199]
A0A1I9QLD1,structural constituent of cell wall [GO:0005199]
A0A1L8F8I9,kinase activity [GO:0016301]
A0A218NGS0,heme binding [GO:0020037]; iron ion binding [GO:0005506]; isomerase activity [GO:0016853]; monooxygenase activity [GO:0004497]; vinorine hydroxylase activity [GO:0050596]
A0A223GB52,holo-[acyl-carrier-protein] synthase activity [GO:0008897]; magnesium ion binding [GO:0000287]
A0A223GEB2,ribosome binding [GO:0043022]; translation regulator activity [GO:0045182]
A0A223HDH4,mannitol-1-phosphate 5-dehydrogenase activity [GO:0008926]
A0A223HDI2,ceramide 1-phosphate binding [GO:1902387]; ceramide 1-phosphate transfer activity [GO:1902388]
A0A223HDI5,"oxidoreductase activity, acting on NAD(P)H, oxygen as acceptor [GO:0050664]; oxidoreductase activity, acting on the CH-OH group of donors, NAD or NADP as acceptor [GO:0016616]"
A0A224AHH8,cysteine-type endopeptidase inhibitor activity [GO:0004869]
A0A261GRE4,catechol oxidase activity [GO:0004097]; metal ion binding [GO:0046872]
A0A261GVB1,metal ion binding [GO:0046872]; oxidoreductase activity [GO:0016491]
A0A2G0QDN4,oxidoreductase activity [GO:0016491]
A0A2G0QDP0,carboxylesterase activity [GO:0106435]
A0A2H1K3G9,cystathionine gamma-lyase activity [GO:0004123]; methionine gamma-lyase activity [GO:0018826]; pyridoxal phosphate binding [GO:0030170]
A0A2H4SI69,structural constituent of cell wall [GO:0005199]
A0A2H4SKW2,structural constituent of cell wall [GO:0005199]
A0A2K3D1C8,cardiolipin synthase (CMP-forming) [GO:0043337]
A0A2P1AAV1,ABC-type oligopeptide transporter activity [GO:0015421]; ATP binding [GO:0005524]; ATP hydrolysis activity [GO:0016887]
A0A2R8QHQ6,protein binding involved in heterotypic cell-cell adhesion [GO:0086080]; signaling receptor binding [GO:0005102]
A0A2R8YED5,G protein-coupled receptor activity [GO:0004930]; odorant binding [GO:0005549]; olfactory receptor activity [GO:0004984]
A0A2Z5U367,prenyltransferase activity [GO:0004659]
A0A2Z5U368,FAD binding [GO:0071949]; monooxygenase activity [GO:0004497]
A0A2Z5U3C2,"heme binding [GO:0020037]; iron ion binding [GO:0005506]; monooxygenase activity [GO:0004497]; oxidoreductase activity, acting on paired donors, with incorporation or reduction of molecular oxygen [GO:0016705]"
A0A2Z5U507,dioxygenase activity [GO:0051213]; metal ion binding [GO:0046872]
A0A2Z5U6I9,"heme binding [GO:0020037]; iron ion binding [GO:0005506]; monooxygenase activity [GO:0004497]; oxidoreductase activity, acting on paired donors, with incorporation or reduction of molecular oxygen [GO:0016705]"
A0A2Z5UFJ1,O-methyltransferase activity [GO:0008171]
A0A2Z5UHX0,ligase activity [GO:0016874]; phosphopantetheine binding [GO:0031177]
A0A364LYQ6,sequence-specific DNA binding [GO:0043565]; zinc ion binding [GO:0008270]
A0A384J6C4,"glycosyltransferase activity [GO:0016757]; hydrolase activity, hydrolyzing O-glycosyl compounds [GO:0004553]"
A0A384JN58,"glycosyltransferase activity [GO:0016757]; hydrolase activity, hydrolyzing O-glycosyl compounds [GO:0004553]"
A0A384JXV5,"cellulose binding [GO:0030248]; endo-1,4-beta-xylanase activity [GO:0031176]"
A0A384K116,"glycosyltransferase activity [GO:0016757]; hydrolase activity, hydrolyzing O-glycosyl compounds [GO:0004553]"
A0A384K474,"endo-1,4-beta-xylanase activity [GO:0031176]"
A0A384K4T0,"glycosyltransferase activity [GO:0016757]; hydrolase activity, hydrolyzing O-glycosyl compounds [GO:0004553]"
A0A385XI11,L-iditol 2-dehydrogenase (NAD+) activity [GO:0003939]; metal ion binding [GO:0046872]; nucleotide binding [GO:0000166]
A0A385XI13,hydrolase activity [GO:0016787]
A0A385XIL0,nucleic acid binding [GO:0003676]; zinc ion binding [GO:0008270]
A0A3B3IT45,G protein-coupled receptor activity [GO:0004930]; olfactory receptor activity [GO:0004984]
A0A3F2YLV2,calcium ion binding [GO:0005509]
A0A3Q7EKL1,"DNA-binding transcription factor activity, RNA polymerase II-specific [GO:0000981]; protein dimerization activity [GO:0046983]; RNA polymerase II cis-regulatory region sequence-specific DNA binding [GO:0000978]"
A0A3R5XUE6,oxidoreductase activity [GO:0016491]
A0A3S6I186,cysteine-type endopeptidase inhibitor activity [GO:0004869]
A0A455LJ99,"DNA-binding transcription factor activity, RNA polymerase II-specific [GO:0000981]; transcription cis-regulatory region binding [GO:0000976]; zinc ion binding [GO:0008270]"
A0A455ZIK8,"heme binding [GO:0020037]; iron ion binding [GO:0005506]; monooxygenase activity [GO:0004497]; oxidoreductase activity, acting on paired donors, with incorporation or reduction of molecular oxygen [GO:0016705]"
A0A455ZIM5,transmembrane transporter activity [GO:0022857]
A0A455ZIM6,transmembrane transporter activity [GO:0022857]
A0A455ZJD4,ligase activity [GO:0016874]; methyltransferase activity [GO:0008168]; phosphopantetheine binding [GO:0031177]
A0A455ZJM4,glycosaminoglycan binding [GO:0005539]; metal ion binding [GO:0046872]; N-acetylglucosamine-6-sulfatase activity [GO:0008449]
A0A455ZKR7,dioxygenase activity [GO:0051213]; metal ion binding [GO:0046872]
A0A455ZLR3,transferase activity [GO:0016740]
A0A455ZM03,"heme binding [GO:0020037]; iron ion binding [GO:0005506]; monooxygenase activity [GO:0004497]; oxidoreductase activity, acting on paired donors, with incorporation or reduction of molecular oxygen [GO:0016705]"
A0A455ZMR3,dioxygenase activity [GO:0051213]; metal ion binding [GO:0046872]
A0A482PJF5,ubiquitin-protein transferase activity [GO:0004842]
A0A482PJY4,ubiquitin-protein transferase activity [GO:0004842]
A0A482PUS2,ubiquitin-protein transferase activity [GO:0004842]
A0A498JQK2,FMN binding [GO:0010181]; phosphopantothenoylcysteine decarboxylase activity [GO:0004633]
A0A4W3GG95,G protein-coupled receptor activity [GO:0004930]
A0A509AC44,cysteine-type peptidase activity [GO:0008234]
A0A509AM03,serine-type endopeptidase activity [GO:0004252]
A0A559KX76,"hydrolase activity, acting on glycosyl bonds [GO:0016798]; metal ion binding [GO:0046872]; phosphoprotein phosphatase activity [GO:0004721]"
A0A5B9G902,"DNA-binding transcription factor activity, RNA polymerase II-specific [GO:0000981]; RNA polymerase II cis-regulatory region sequence-specific DNA binding [GO:0000978]; zinc ion binding [GO:0008270]"
A0A5B9GBF0,ATP binding [GO:0005524]; MAP kinase activity [GO:0004707]
A0A5C1J0Z8,cysteine-type endopeptidase inhibitor activity [GO:0004869]
A0A5J5NT52,ATP binding [GO:0005524]; protein kinase activity [GO:0004672]
A0A5J5T2N2,ATP binding [GO:0005524]; protein kinase activity [GO:0004672]
A0A5N6H279,sequence-specific DNA binding [GO:0043565]; zinc ion binding [GO:0008270]
A0A6B9HEI0,"4 iron, 4 sulfur cluster binding [GO:0051539]; cobalamin binding [GO:0031419]; metal ion binding [GO:0046872]; methyltransferase activity [GO:0008168]"
A0A6G6VYL3,structural constituent of cell wall [GO:0005199]
A0A6I8PUB9,G protein-coupled receptor activity [GO:0004930]
A0A7G5KET3,ADP binding [GO:0043531]; ATP binding [GO:0005524]; metal ion binding [GO:0046872]; phosphoglycerate kinase activity [GO:0004618]
A0A7J6K452,calcium ion binding [GO:0005509]
A0A7M4EAX1,calcium ion binding [GO:0005509]
A0A7M6UMR7,nutrient reservoir activity [GO:0045735]
A0A7T8F1I4,"heme binding [GO:0020037]; iron ion binding [GO:0005506]; monooxygenase activity [GO:0004497]; oxidoreductase activity, acting on paired donors, with incorporation or reduction of molecular oxygen [GO:0016705]"
A0A7T8F1J7,dioxygenase activity [GO:0051213]
A0A7T8F1L2,"heme binding [GO:0020037]; iron ion binding [GO:0005506]; monooxygenase activity [GO:0004497]; oxidoreductase activity, acting on paired donors, with incorporation or reduction of molecular oxygen [GO:0016705]"
A0A7T8F1M9,FMN binding [GO:0010181]; NADPH dehydrogenase activity [GO:0003959]
A0A7T8F1N2,oxidoreductase activity [GO:0016491]
A0A7T8J1U7,amidophosphoribosyltransferase activity [GO:0004044]; metal ion binding [GO:0046872]
A0A7T8J1Z8,O-methyltransferase activity [GO:0008171]
A0A7U2MMF3,oxidoreductase activity [GO:0016491]; zinc ion binding [GO:0008270]
A0A7U2MSD6,metal ion binding [GO:0046872]; protein serine/threonine phosphatase activity [GO:0004722]
A0A7U2QYM2,histone crotonyltransferase activity [GO:0140068]; histone H3K14 acetyltransferase activity [GO:0036408]; histone H3K18 acetyltransferase activity [GO:0043993]; histone H3K9 acetyltransferase activity [GO:0043992]; histone reader activity [GO:0140566]; lysine-acetylated histone binding [GO:0070577]; transcription coregulator activity [GO:0003712]
A0A8A5N547,structural constituent of cell wall [GO:0005199]
A0A8C2LVE3,3'-phosphoadenosine 5'-phosphosulfate binding [GO:0050656]; heparan sulfate 2-sulfotransferase activity [GO:0004394]
A0A8C2M425,"alpha-1,6-mannosyltransferase activity [GO:0000009]; glycolipid mannosyltransferase activity [GO:0004376]"
A0A8I6GJ95,D-threo-aldose 1-dehydrogenase activity [GO:0047834]; estradiol 17-beta-dehydrogenase [NAD(P)+] activity [GO:0004303]; identical protein binding [GO:0042802]
A0A8I6GM68,alpha-tubulin binding [GO:0043014]; ATPase inhibitor activity [GO:0042030]; beta-catenin binding [GO:0008013]; beta-tubulin binding [GO:0048487]; deacetylase activity [GO:0019213]; dynein complex binding [GO:0070840]; enzyme binding [GO:0019899]; histone deacetylase activity [GO:0004407]; histone deacetylase binding [GO:0042826]; Hsp90 protein binding [GO:0051879]; microtubule binding [GO:0008017]; misfolded protein binding [GO:0051787]; peroxidase inhibitor activity [GO:0036479]; polyubiquitin modification-dependent protein binding [GO:0031593]; protein lysine deacetylase activity [GO:0033558]; RNA polymerase II cis-regulatory region sequence-specific DNA binding [GO:0000978]; tau protein binding [GO:0048156]; transcription corepressor binding [GO:0001222]; tubulin deacetylase activity [GO:0042903]; ubiquitin binding [GO:0043130]; ubiquitin protein ligase binding [GO:0031625]; zinc ion binding [GO:0008270]
A0A8J1LLF7,ATP binding [GO:0005524]; deoxyribonuclease I activity [GO:0004530]; helicase activity [GO:0004386]; ribonuclease III activity [GO:0004525]; RNA binding [GO:0003723]
A0A8U0WQF3,nutrient reservoir activity [GO:0045735]
A0A8U1C2Y4,nutrient reservoir activity [GO:0045735]
A0A8V0ZB02,calcium-activated cation channel activity [GO:0005227]; mechanosensitive monoatomic cation channel activity [GO:0140135]; osmolarity-sensing monoatomic cation channel activity [GO:1990760]; phosphatidylcholine transfer activity [GO:0120019]; phospholipid scramblase activity [GO:0017128]; sphingomyelin transfer activity [GO:0140338]
A0A974H8H3,ATP binding [GO:0005524]; deoxyribonuclease I activity [GO:0004530]; helicase activity [GO:0004386]; ribonuclease III activity [GO:0004525]; RNA binding [GO:0003723]
A0A9E7LUJ4,"heme binding [GO:0020037]; iron ion binding [GO:0005506]; monooxygenase activity [GO:0004497]; oxidoreductase activity, acting on paired donors, with incorporation or reduction of molecular oxygen [GO:0016705]"
A0A9E7LUL3,"acyltransferase activity, transferring groups other than amino-acyl groups [GO:0016747]"
A0A9E7LUR3,alcohol dehydrogenase (NADP+) activity [GO:0008106]; zinc ion binding [GO:0008270]
A0A9E7S4M3,"heme binding [GO:0020037]; iron ion binding [GO:0005506]; monooxygenase activity [GO:0004497]; oxidoreductase activity, acting on paired donors, with incorporation or reduction of molecular oxygen [GO:0016705]"
A0A9E7S4M4,"heme binding [GO:0020037]; iron ion binding [GO:0005506]; monooxygenase activity [GO:0004497]; oxidoreductase activity, acting on paired donors, with incorporation or reduction of molecular oxygen [GO:0016705]"
A0A9E7S518,"oxidoreductase activity [GO:0016491]; oxidoreductase activity, acting on the CH-OH group of donors, NAD or NADP as acceptor [GO:0016616]"
A0A9E7S5B9,oxidoreductase activity [GO:0016491]
A0A9E7S5E3,"acyltransferase activity [GO:0016746]; acyltransferase activity, transferring groups other than amino-acyl groups [GO:0016747]"
A0A9E8S4N7,structural constituent of cell wall [GO:0005199]
A0A9P4XUZ4,dioxygenase activity [GO:0051213]; metal ion binding [GO:0046872]
A0A9P4XV22,"DNA-binding transcription factor activity, RNA polymerase II-specific [GO:0000981]; RNA polymerase II cis-regulatory region sequence-specific DNA binding [GO:0000978]; zinc ion binding [GO:0008270]"
A0A9P4XWM4,mRNA binding [GO:0003729]; N6-methyladenosine-containing RNA reader activity [GO:1990247]
A0A9P5CQV5,methyltransferase activity [GO:0008168]; nucleic acid binding [GO:0003676]
A0A9P5CTI1,acid phosphatase activity [GO:0003993]; metal ion binding [GO:0046872]
A0AA51VIL5,O-methyltransferase activity [GO:0008171]; protein dimerization activity [GO:0046983]
A0AA51VIL7,O-methyltransferase activity [GO:0008171]; protein dimerization activity [GO:0046983]
A0AA51VIM4,O-methyltransferase activity [GO:0008171]; protein dimerization activity [GO:0046983]
A0AA51VJB7,"heme binding [GO:0020037]; iron ion binding [GO:0005506]; monooxygenase activity [GO:0004497]; oxidoreductase activity, acting on paired donors, with incorporation or reduction of molecular oxygen [GO:0016705]"
A0AA51VKJ3,O-methyltransferase activity [GO:0008171]; protein dimerization activity [GO:0046983]
A0AA51Z0J6,O-methyltransferase activity [GO:0008171]; protein dimerization activity [GO:0046983]
A0AA51Z3J4,carboxy-lyase activity [GO:0016831]; pyridoxal phosphate binding [GO:0030170]
A0AA51Z3S7,O-methyltransferase activity [GO:0008171]; protein dimerization activity [GO:0046983]
A0AAN4PAE6,ammonia-lyase activity [GO:0016841]
A0AAN4PB13,ligase activity [GO:0016874]; phosphopantetheine binding [GO:0031177]
A0AAN4PBA1,"heme binding [GO:0020037]; iron ion binding [GO:0005506]; monooxygenase activity [GO:0004497]; oxidoreductase activity, acting on paired donors, with incorporation or reduction of molecular oxygen [GO:0016705]"
A0AAQ4VMX2,endopeptidase inhibitor activity [GO:0004866]
A0AAT9JA24,D-threo-aldose 1-dehydrogenase activity [GO:0047834]; estradiol 17-beta-dehydrogenase [NAD(P)+] activity [GO:0004303]; identical protein binding [GO:0042802]
A0AAW1HA02,cellulose synthase (UDP-forming) activity [GO:0016760]; glycosyltransferase activity [GO:0016757]
A0AAW1I778,"beta-glucosidase activity [GO:0008422]; hydrolase activity, acting on glycosyl bonds [GO:0016798]"
A0AAW1IQ05,UDP-glucosyltransferase activity [GO:0035251]; UDP-glycosyltransferase activity [GO:0008194]
A0AAW1J1B8,UDP-glucosyltransferase activity [GO:0035251]; UDP-glycosyltransferase activity [GO:0008194]
A0AAW1J8D7,"heme binding [GO:0020037]; iron ion binding [GO:0005506]; monooxygenase activity [GO:0004497]; oxidoreductase activity, acting on paired donors, with incorporation or reduction of molecular oxygen [GO:0016705]"
A0AAW1J9R8,UDP-glucosyltransferase activity [GO:0035251]; UDP-glycosyltransferase activity [GO:0008194]
A0AAW1JA93,beta-amyrin 28-monooxygenase activity [GO:0102373]; heme binding [GO:0020037]; iron ion binding [GO:0005506]; monooxygenase activity [GO:0004497]
A0AAW1K8I9,UDP-glucosyltransferase activity [GO:0035251]; UDP-glycosyltransferase activity [GO:0008194]
A0AAW1L0L7,beta-amyrin synthase activity [GO:0042300]
A0AAW1LG41,acyltransferase activity [GO:0016746]
A0AAW1M2U7,quercetin 3-O-glucosyltransferase activity [GO:0080043]; quercetin 7-O-glucosyltransferase activity [GO:0080044]; UDP-glycosyltransferase activity [GO:0008194]
A0AAW1MQS1,UDP-glucosyltransferase activity [GO:0035251]; UDP-glycosyltransferase activity [GO:0008194]
A0AAW1NEA3,beta-amyrin 28-monooxygenase activity [GO:0102373]; heme binding [GO:0020037]; iron ion binding [GO:0005506]; monooxygenase activity [GO:0004497]
A0AAW1NHX6,"oxidoreductase activity [GO:0016491]; oxidoreductase activity, acting on the CH-OH group of donors, NAD or NADP as acceptor [GO:0016616]"
A0QT90,class I DNA-(apurinic or apyrimidinic site) endonuclease activity [GO:0140078]; damaged DNA binding [GO:0003684]; endonuclease activity [GO:0004519]; oxidized pyrimidine nucleobase lesion DNA N-glycosylase activity [GO:0000703]; zinc ion binding [GO:0008270]
A0QT91,ATP binding [GO:0005524]; ATP hydrolysis activity [GO:0016887]; DNA binding [GO:0003677]; helicase activity [GO:0004386]; metal ion binding [GO:0046872]
A0QTR3,DNA-binding transcription factor activity [GO:0003700]; transcription cis-regulatory region binding [GO:0000976]
A0QVQ9,sequence-specific DNA binding [GO:0043565]
A0R2N2,DNA binding [GO:0003677]; DNA-binding transcription factor activity [GO:0003700]
A0R3E8,dolichyl-phosphate-mannose-protein mannosyltransferase activity [GO:0004169]
A0R530,alanine racemase activity [GO:0008784]; DNA-binding transcription factor activity [GO:0003700]; transcription cis-regulatory region binding [GO:0000976]
A1L1L6,calcium ion binding [GO:0005509]; GTP binding [GO:0005525]; GTPase activity [GO:0003924]
A1Z830,RNA methyltransferase activity [GO:0008173]; rRNA (uridine-N3-)-methyltransferase activity [GO:0070042]; S-adenosyl-L-methionine binding [GO:1904047]
A1ZB29,ATP binding [GO:0005524]; dTMP kinase activity [GO:0004798]; dUMP kinase activity [GO:0120136]; nucleoside diphosphate kinase activity [GO:0004550]; UMP/dUMP kinase activity [GO:0009041]
A2A5N3,poly(A) binding [GO:0008143]
A2AFS9,zinc ion binding [GO:0008270]
A2IA89,phosphatase activity [GO:0016791]
A2IA90,phosphatase activity [GO:0016791]
A2IA93,phosphatase activity [GO:0016791]
A2QQU4,metal ion binding [GO:0046872]; oxidoreductase activity [GO:0016491]
A2QQU5,"enoyl-[acyl-carrier-protein] reductase (NADPH) activity [GO:0141148]; nucleotide binding [GO:0000166]; oxidoreductase activity, acting on NAD(P)H [GO:0016651]"
A2QQU8,"DNA binding [GO:0003677]; DNA-binding transcription factor activity, RNA polymerase II-specific [GO:0000981]; zinc ion binding [GO:0008270]"
A2QQU9,"heme binding [GO:0020037]; iron ion binding [GO:0005506]; monooxygenase activity [GO:0004497]; oxidoreductase activity, acting on paired donors, with incorporation or reduction of molecular oxygen [GO:0016705]"
A2QQV0,3-oxoacyl-[acyl-carrier-protein] synthase activity [GO:0004315]; fatty acid synthase activity [GO:0004312]; ligase activity [GO:0016874]; methyltransferase activity [GO:0008168]; phosphopantetheine binding [GO:0031177]
A3C5V6,"acyltransferase activity, transferring groups other than amino-acyl groups [GO:0016747]; tetraketide alpha-pyrone synthase activity [GO:0090439]"
A3FMN3,DNA nuclease activity [GO:0004536]; double-stranded DNA binding [GO:0003690]; double-stranded RNA binding [GO:0003725]; metal ion binding [GO:0046872]; RNA endonuclease activity [GO:0004521]; single-stranded DNA binding [GO:0003697]; single-stranded DNA endodeoxyribonuclease activity [GO:0000014]
A3KQ86,structural constituent of myelin sheath [GO:0019911]
A3MTR6,carbohydrate derivative binding [GO:0097367]; glucose-6-phosphate isomerase activity [GO:0004347]; mannose-6-phosphate isomerase activity [GO:0004476]
A4LAR6,structural constituent of cell wall [GO:0005199]
A4XXY8,"2 iron, 2 sulfur cluster binding [GO:0051537]; metal ion binding [GO:0046872]; oxidoreductase activity [GO:0016491]"
A4XXY9,metal ion binding [GO:0046872]; oxidoreductase activity [GO:0016491]
A4XXZ0,transaminase activity [GO:0008483]
A5K264,chorismate synthase activity [GO:0004107]; FMN binding [GO:0010181]
A6IPG1,translation elongation factor activity [GO:0003746]
A6TGC5,3'-5' DNA helicase activity [GO:0043138]; ATP binding [GO:0005524]; ATP hydrolysis activity [GO:0016887]; DNA binding [GO:0003677]; zinc ion binding [GO:0008270]
A6TGW7,single-stranded DNA binding [GO:0003697]
A6THB2,single-stranded DNA binding [GO:0003697]
A7BJ45,toxin activity [GO:0090729]
A7BJ46,toxin activity [GO:0090729]
A7GKX6,"NAD binding [GO:0051287]; oxidoreductase activity, acting on the CH-CH group of donors, NAD or NADP as acceptor [GO:0016628]; UDP-glucose 6-dehydrogenase activity [GO:0003979]"
A7GKX7,NAD+ binding [GO:0070403]; UDP-glucuronate decarboxylase activity [GO:0048040]
A8JUV4,structural constituent of vitelline membrane [GO:0008316]
A8M6W1,"heme binding [GO:0020037]; iron ion binding [GO:0005506]; monooxygenase activity [GO:0004497]; oxidoreductase activity, acting on paired donors, with incorporation or reduction of molecular oxygen [GO:0016705]"
A8M6W3,catalytic activity [GO:0003824]; phosphopantetheine binding [GO:0031177]
A8M6W6,"metal ion binding [GO:0046872]; transferase activity, transferring alkyl or aryl (other than methyl) groups [GO:0016765]"
A8P9W4,structural constituent of cell wall [GO:0005199]
A8PA37,structural constituent of cell wall [GO:0005199]
B0BNF8,protein serine/threonine kinase activity [GO:0004674]
B0WQ10,double-stranded DNA endonuclease activity [GO:1990238]; metal ion binding [GO:0046872]; nucleic acid binding [GO:0003676]; RNA endonuclease activity [GO:0004521]; single-stranded DNA endodeoxyribonuclease activity [GO:0000014]
B1G5Y9,3-keto-5-aminohexanoate cleavage activity [GO:0043720]; metal ion binding [GO:0046872]
B1PUC6,nucleotide binding [GO:0000166]
B2HG54,"heme binding [GO:0020037]; iron ion binding [GO:0005506]; monooxygenase activity [GO:0004497]; oxidoreductase activity, acting on paired donors, with incorporation or reduction of molecular oxygen [GO:0016705]"
B4ER92,3-oxoacyl-[acyl-carrier-protein] synthase activity [GO:0004315]; fatty acid synthase activity [GO:0004312]; phosphopantetheine binding [GO:0031177]
B4ER95,3-oxoacyl-[acyl-carrier-protein] synthase activity [GO:0004315]; fatty acid synthase activity [GO:0004312]; phosphopantetheine binding [GO:0031177]
B4ER96,3-oxoacyl-[acyl-carrier-protein] synthase activity [GO:0004315]; fatty acid synthase activity [GO:0004312]; oxidoreductase activity [GO:0016491]; phosphopantetheine binding [GO:0031177]; zinc ion binding [GO:0008270]
B4ER97,3-oxoacyl-[acyl-carrier-protein] synthase activity [GO:0004315]; fatty acid synthase activity [GO:0004312]; phosphopantetheine binding [GO:0031177]
B6ZKM3,beta-glucosidase activity [GO:0008422]
B6ZKM4,beta-glucosidase activity [GO:0008422]
B6ZKM5,beta-glucosidase activity [GO:0008422]
B6ZKN1,beta-glucosidase activity [GO:0008422]
B7PCV3,peptidase inhibitor activity [GO:0030414]
B7R4L8,18S rRNA cytidine N-acetyltransferase activity [GO:1990883]; ATP binding [GO:0005524]; mRNA N-acetyltransferase activity [GO:0106162]; rRNA binding [GO:0019843]; tRNA binding [GO:0000049]; tRNA N4-acetyltransferase activity [GO:0051392]
B8NLZ3,metal ion binding [GO:0046872]; protein serine/threonine phosphatase activity [GO:0004722]
B9ZUK6,D-lactate dehydrogenase (cytochrome) activity [GO:0004458]; D-lactate dehydrogenase activity [GO:0008720]; FAD binding [GO:0071949]; lyase activity [GO:0016829]
C0HMB8,sodium channel inhibitor activity [GO:0019871]; toxin activity [GO:0090729]
C0HMB9,sodium channel inhibitor activity [GO:0019871]; toxin activity [GO:0090729]
C0HMC0,sodium channel inhibitor activity [GO:0019871]; toxin activity [GO:0090729]
C0HMC1,sodium channel inhibitor activity [GO:0019871]; toxin activity [GO:0090729]
C0HMC2,sodium channel inhibitor activity [GO:0019871]; toxin activity [GO:0090729]
C0JJA4,ATP binding [GO:0005524]; hydrolase activity [GO:0016787]; mRNA 5'-cap (guanine-N7-)-methyltransferase activity [GO:0004482]; RNA-directed RNA polymerase activity [GO:0003968]
C3W5S0,endonuclease activity [GO:0004519]; metal ion binding [GO:0046872]; RNA binding [GO:0003723]
C5E4D9,ATP binding [GO:0005524]; ATP hydrolysis activity [GO:0016887]; RNA binding [GO:0003723]; translation elongation factor activity [GO:0003746]
C5MR76,isomerase activity [GO:0016853]
C6KT66,chorismate synthase activity [GO:0004107]; FMN binding [GO:0010181]
C6SZ50,FMN binding [GO:0010181]; phosphopantothenoylcysteine decarboxylase activity [GO:0004633]
C6TA59,FMN binding [GO:0010181]; phosphopantothenoylcysteine decarboxylase activity [GO:0004633]
C7M8J6,glycine C-acetyltransferase activity [GO:0008890]; pyridoxal phosphate binding [GO:0030170]
D1A230,dioxygenase activity [GO:0051213]; metal ion binding [GO:0046872]
D1FQ14,collagen binding [GO:0005518]; toxin activity [GO:0090729]
D1MWE7,toxin activity [GO:0090729]
D2VS83,ATP binding [GO:0005524]; ATP hydrolysis activity [GO:0016887]; isomerase activity [GO:0016853]
D3KY98,O-methyltransferase activity [GO:0008171]; protein dimerization activity [GO:0046983]
D3KY99,O-methyltransferase activity [GO:0008171]; protein dimerization activity [GO:0046983]
D3KYA0,O-methyltransferase activity [GO:0008171]; protein dimerization activity [GO:0046983]
D3TS87,DNA nuclease activity [GO:0004536]; double-stranded DNA binding [GO:0003690]; double-stranded RNA binding [GO:0003725]; metal ion binding [GO:0046872]; RNA endonuclease activity [GO:0004521]; single-stranded DNA binding [GO:0003697]; single-stranded DNA endodeoxyribonuclease activity [GO:0000014]
D3ZX63,protein homodimerization activity [GO:0042803]
D4A4L4,kinesin binding [GO:0019894]; microtubule binding [GO:0008017]
D4GVA8,ATP hydrolysis activity [GO:0016887]
D4QD81,calcium ion binding [GO:0005509]; serine-type peptidase activity [GO:0008236]
D5LWW7,RNA binding [GO:0003723]; structural molecule activity [GO:0005198]
D5RFM4,diaminopimelate epimerase activity [GO:0008837]
D6RQ66,structural constituent of cell wall [GO:0005199]
D8QCG9,structural constituent of cell wall [GO:0005199]
D8QZ31,"heme binding [GO:0020037]; hydro-lyase activity [GO:0016836]; iron ion binding [GO:0005506]; monooxygenase activity [GO:0004497]; oxidoreductase activity, acting on paired donors, with incorporation or reduction of molecular oxygen [GO:0016705]"
D8S724,"heme binding [GO:0020037]; hydro-lyase activity [GO:0016836]; iron ion binding [GO:0005506]; monooxygenase activity [GO:0004497]; oxidoreductase activity, acting on paired donors, with incorporation or reduction of molecular oxygen [GO:0016705]"
E0CZ22,membrane destabilizing activity [GO:0140912]
E0D202,3-oxoacyl-[acyl-carrier-protein] synthase activity [GO:0004315]; fatty acid synthase activity [GO:0004312]; lyase activity [GO:0016829]; phosphopantetheine binding [GO:0031177]
E0D203,3-oxoacyl-[acyl-carrier-protein] synthase activity [GO:0004315]; fatty acid synthase activity [GO:0004312]; oxidoreductase activity [GO:0016491]; phosphopantetheine binding [GO:0031177]; zinc ion binding [GO:0008270]
E0D204,3-oxoacyl-[acyl-carrier-protein] synthase activity [GO:0004315]; fatty acid synthase activity [GO:0004312]; oxidoreductase activity [GO:0016491]; phosphopantetheine binding [GO:0031177]; zinc ion binding [GO:0008270]
E0D205,3-oxoacyl-[acyl-carrier-protein] synthase activity [GO:0004315]; fatty acid synthase activity [GO:0004312]; phosphopantetheine binding [GO:0031177]
E0D206,3-oxoacyl-[acyl-carrier-protein] synthase activity [GO:0004315]; fatty acid synthase activity [GO:0004312]; phosphopantetheine binding [GO:0031177]
E0D207,"heme binding [GO:0020037]; iron ion binding [GO:0005506]; monooxygenase activity [GO:0004497]; oxidoreductase activity, acting on paired donors, with incorporation or reduction of molecular oxygen [GO:0016705]"
E0D208,S-adenosylmethionine-dependent methyltransferase activity [GO:0008757]
E0D209,DNA binding [GO:0003677]
E0N688,metal ion binding [GO:0046872]; metalloendopeptidase activity [GO:0004222]
E1B8U2,RNA binding [GO:0003723]; snRNA methyltransferase activity [GO:0106346]; tRNA (guanine) methyltransferase activity [GO:0016423]; U6 snRNA (guanine-N(2))-methyltransferase activity [GO:0160230]
E1BMV3,calcium ion binding [GO:0005509]
E1BN00,inward rectifier potassium channel activity [GO:0005242]
E6Y8B9,metal ion binding [GO:0046872]; serine-type endopeptidase activity [GO:0004252]
E7FEL0,G protein-coupled receptor activity [GO:0004930]
E7FHH1,"4 iron, 4 sulfur cluster binding [GO:0051539]; aldehyde ferredoxin oxidoreductase activity [GO:0033726]; electron transfer activity [GO:0009055]; metal ion binding [GO:0046872]"
E7FL15,O-methyltransferase activity [GO:0008171]; protein dimerization activity [GO:0046983]
E9F0C5,"DNA-binding transcription factor activity, RNA polymerase II-specific [GO:0000981]; RNA polymerase II cis-regulatory region sequence-specific DNA binding [GO:0000978]; zinc ion binding [GO:0008270]"
E9FBT2,structural constituent of cell wall [GO:0005199]
E9FDE9,structural constituent of cell wall [GO:0005199]
E9Q368,RNA binding [GO:0003723]; tRNA (guanine(18)-2'-O)-methyltransferase activity [GO:0141100]
E9Q3D4,D-threo-aldose 1-dehydrogenase activity [GO:0047834]; identical protein binding [GO:0042802]
E9Q3G8,identical protein binding [GO:0042802]; molecular condensate scaffold activity [GO:0140693]; protein-membrane adaptor activity [GO:0043495]; structural constituent of nuclear pore [GO:0017056]; zinc ion binding [GO:0008270]
E9QT94,structural constituent of cell wall [GO:0005199]
F0LJX3,"ATP binding [GO:0005524]; ATP hydrolysis activity [GO:0016887]; catalytic activity, acting on DNA [GO:0140097]; DNA binding [GO:0003677]; helicase activity [GO:0004386]"
F1M928,protein binding involved in heterotypic cell-cell adhesion [GO:0086080]; signaling receptor activity [GO:0038023]; signaling receptor binding [GO:0005102]
F2YGR7,ATP binding [GO:0005524]; metal ion binding [GO:0046872]; protein kinase activity [GO:0004672]
F4JP43,promoter-specific chromatin binding [GO:1990841]
F6K6F3,sodium channel inhibitor activity [GO:0019871]; toxin activity [GO:0090729]
F8AME3,"4 iron, 4 sulfur cluster binding [GO:0051539]; metal ion binding [GO:0046872]; oxidoreductase activity [GO:0016491]"
G0RBE3,ATP binding [GO:0005524]; metal ion binding [GO:0046872]; protein serine/threonine kinase activity [GO:0004674]; RNA endonuclease activity [GO:0004521]; unfolded protein binding [GO:0051082]
G0RT93,metal ion binding [GO:0046872]; protein serine/threonine phosphatase activity [GO:0004722]
G0S1P8,metal ion binding [GO:0046872]; thioredoxin peroxidase activity [GO:0008379]
G0S5S6,unfolded protein binding [GO:0051082]
G0SE11,metal ion binding [GO:0046872]
G0SEG2,5S rRNA binding [GO:0008097]; structural constituent of ribosome [GO:0003735]
G0SF80,rRNA binding [GO:0019843]
G0SHQ2,structural constituent of ribosome [GO:0003735]
G1X456,ATP binding [GO:0005524]; cAMP-dependent protein kinase activity [GO:0004691]
G1X9A9,DNA-binding transcription factor activity [GO:0003700]; RNA polymerase II cis-regulatory region sequence-specific DNA binding [GO:0000978]; zinc ion binding [GO:0008270]
G1X9E2,G protein-coupled receptor activity [GO:0004930]
G1XJN1,G protein-coupled receptor activity [GO:0004930]
G1XJZ0,G protein-coupled receptor binding [GO:0001664]; G-protein beta/gamma-subunit complex binding [GO:0031683]; GTP binding [GO:0005525]; GTPase activity [GO:0003924]; metal ion binding [GO:0046872]
G1XJZ4,ATP binding [GO:0005524]; MAP kinase activity [GO:0004707]; protein serine kinase activity [GO:0106310]
G2QA95,nucleotide binding [GO:0000166]; oxidoreductase activity [GO:0016491]
G2WWH6,metal ion binding [GO:0046872]
G2X0L1,"endo-1,4-beta-xylanase activity [GO:0031176]"
G2X4G1,"endo-1,4-beta-xylanase activity [GO:0031176]"
G2X5X8,"endo-1,4-beta-xylanase activity [GO:0031176]"
G2X8M4,"cellulose binding [GO:0030248]; endo-1,4-beta-xylanase activity [GO:0031176]"
G4MRQ6,mRNA binding [GO:0003729]; N6-methyladenosine-containing RNA reader activity [GO:1990247]
G4MSY9,methyltransferase activity [GO:0008168]; nucleic acid binding [GO:0003676]
G4MYD3,DNA binding [GO:0003677]
G4MZ21,dioxygenase activity [GO:0051213]; metal ion binding [GO:0046872]
G4N954,lyase activity [GO:0016829]
G4NB33,RNA binding [GO:0003723]
G4NBR8,DNA-binding transcription factor activity [GO:0003700]; RNA polymerase II cis-regulatory region sequence-specific DNA binding [GO:0000978]; zinc ion binding [GO:0008270]
G4NCP4,delta(3)-delta(2)-enoyl-CoA isomerase activity [GO:0004165]
G7IFI7,1-(5-phosphoribosyl)-5-[(5-phosphoribosylamino)methylideneamino]imidazole-4-carboxamide isomerase activity [GO:0003949]
G7LCC3,hydrolase activity [GO:0016787]; metal ion binding [GO:0046872]; phosphorelay sensor kinase activity [GO:0000155]
G8JYB2,actin filament binding [GO:0051015]; cadherin binding [GO:0045296]
H9C180,DNA binding [GO:0003677]; metal ion binding [GO:0046872]; RNA binding [GO:0003723]
I0AIT9,"hydrolase activity, hydrolyzing O-glycosyl compounds [GO:0004553]; metal ion binding [GO:0046872]"
I1RQE2,metal ion binding [GO:0046872]
I6XA42,"acyltransferase activity, transferring groups other than amino-acyl groups [GO:0016747]; tRNA binding [GO:0000049]"
I6Y498,ATP binding [GO:0005524]; ATP hydrolysis activity [GO:0016887]
I6YBQ3,sequence-specific DNA binding [GO:0043565]
J4KPV6,structural constituent of cell wall [GO:0005199]
J4UVD7,"DNA-binding transcription factor activity, RNA polymerase II-specific [GO:0000981]; RNA polymerase II cis-regulatory region sequence-specific DNA binding [GO:0000978]; zinc ion binding [GO:0008270]"
J4W2A8,structural constituent of cell wall [GO:0005199]
J9UD11,nucleoside transmembrane transporter activity [GO:0005337]
J9VI85,pyridoxal phosphate binding [GO:0030170]; threonine synthase activity [GO:0004795]
J9VIL4,calcium channel activity [GO:0005262]
J9VIY8,homoserine O-acetyltransferase activity [GO:0004414]
J9VQZ9,ATP binding [GO:0005524]; ATP hydrolysis activity [GO:0016887]; RNA binding [GO:0003723]; translation elongation factor activity [GO:0003746]
J9VS37,aspartate kinase activity [GO:0004072]; ATP binding [GO:0005524]
J9VTB0,high voltage-gated calcium channel activity [GO:0008331]
J9VU26,ATP binding [GO:0005524]; homoserine kinase activity [GO:0004413]
K7WRE1,peptidase inhibitor activity [GO:0030414]
K8ERU3,membrane destabilizing activity [GO:0140912]
K9GHZ3,"endo-1,4-beta-xylanase activity [GO:0031176]"
L0MZ37,odorant binding [GO:0005549]; toxin activity [GO:0090729]
L0MZ46,integrin binding [GO:0005178]; toxin activity [GO:0090729]
L7X735,serine-type endopeptidase inhibitor activity [GO:0004867]
M4MEY9,"cellulose binding [GO:0030248]; endo-1,4-beta-xylanase activity [GO:0031176]"
M4MGK7,"endo-1,4-beta-xylanase activity [GO:0031176]"
M4MLB5,"endo-1,4-beta-xylanase activity [GO:0031176]"
M9PH32,ubiquitin protein ligase activity [GO:0061630]; ubiquitin-protein transferase activity [GO:0004842]; zinc ion binding [GO:0008270]
O05858,DNA-binding transcription factor activity [GO:0003700]; transcription cis-regulatory region binding [GO:0000976]
O05910,DNA binding [GO:0003677]
O06550,DNA binding [GO:0003677]; DNA-binding transcription factor activity [GO:0003700]
O13502,structural constituent of cell wall [GO:0005199]
O13503,structural constituent of cell wall [GO:0005199]
O17899,G protein-coupled receptor activity [GO:0004930]
O24769,hydrolase activity [GO:0016787]; metal ion binding [GO:0046872]
O24770,"4 iron, 4 sulfur cluster binding [GO:0051539]; cobalamin binding [GO:0031419]; isomerase activity [GO:0016853]; metal ion binding [GO:0046872]"
O25828,identical protein binding [GO:0042802]; metal ion binding [GO:0046872]
O33321,sequence-specific DNA binding [GO:0043565]
O51799,isomerase activity [GO:0016853]
O60047,structural constituent of cell wall [GO:0005199]
O60048,structural constituent of cell wall [GO:0005199]
O76269,nucleoside transmembrane transporter activity [GO:0005337]
O76343,nucleoside transmembrane transporter activity [GO:0005337]
O93917,structural constituent of cell wall [GO:0005199]
O96161,"2 iron, 2 sulfur cluster binding [GO:0051537]; 4 iron, 4 sulfur cluster binding [GO:0051539]; iron ion binding [GO:0005506]"
O97297,"2 iron, 2 sulfur cluster binding [GO:0051537]"
P0DXG5,DNA-binding transcription factor activity [GO:0003700]; transcription cis-regulatory region binding [GO:0000976]
P0DXG6,oxidoreductase activity [GO:0016491]
P0DXG7,lyase activity [GO:0016829]
P0DXG8,ATP binding [GO:0005524]; ATP hydrolysis activity [GO:0016887]
P0DXI6,hydrolase activity [GO:0016787]
P0DXI7,hydrolase activity [GO:0016787]
P0DXI8,hydrolase activity [GO:0016787]
P0DXI9,ATP binding [GO:0005524]; ATP hydrolysis activity [GO:0016887]
P0DXN8,hydrolase activity [GO:0016787]
P0DXU4,ABC-type transporter activity [GO:0140359]
P0DXU5,ATP binding [GO:0005524]; ATP hydrolysis activity [GO:0016887]
P0DXU6,ABC-type transporter activity [GO:0140359]
P0DXU7,ATP binding [GO:0005524]; ATP hydrolysis activity [GO:0016887]
P0DXU8,ABC-type transporter activity [GO:0140359]
P0DXU9,"heme binding [GO:0020037]; iron ion binding [GO:0005506]; monooxygenase activity [GO:0004497]; oxidoreductase activity, acting on paired donors, with incorporation or reduction of molecular oxygen [GO:0016705]"
P0DXV0,"heme binding [GO:0020037]; iron ion binding [GO:0005506]; monooxygenase activity [GO:0004497]; oxidoreductase activity, acting on paired donors, with incorporation or reduction of molecular oxygen [GO:0016705]"
P0DXV1,S-adenosylmethionine-dependent methyltransferase activity [GO:0008757]
P0DXV2,S-adenosylmethionine-dependent methyltransferase activity [GO:0008757]
P0DXV3,ligase activity [GO:0016874]; phosphopantetheine binding [GO:0031177]
P0DXV4,ligase activity [GO:0016874]; phosphopantetheine binding [GO:0031177]
P0DXV5,monooxygenase activity [GO:0004497]
P0DXV6,monooxygenase activity [GO:0004497]
P0DXV7,3-oxoacyl-[acyl-carrier-protein] synthase activity [GO:0004315]; fatty acid synthase activity [GO:0004312]; methyltransferase activity [GO:0008168]; oxidoreductase activity [GO:0016491]; phosphopantetheine binding [GO:0031177]
P0DXV8,3-oxoacyl-[acyl-carrier-protein] synthase activity [GO:0004315]; fatty acid synthase activity [GO:0004312]; methyltransferase activity [GO:0008168]; oxidoreductase activity [GO:0016491]
P0DXV9,"nucleotide binding [GO:0000166]; oxidoreductase activity, acting on NAD(P)H [GO:0016651]"
P0DXW0,isomerase activity [GO:0016853]
P0DXW1,isomerase activity [GO:0016853]
P0DXW2,oxidoreductase activity [GO:0016491]
P0DXW3,toxin activity [GO:0090729]
P0DXW4,toxin activity [GO:0090729]
P0DXW5,toxin activity [GO:0090729]
P0DXW6,toxin activity [GO:0090729]
P0DXW7,toxin activity [GO:0090729]
P0DXW8,toxin activity [GO:0090729]
P0DXW9,toxin activity [GO:0090729]
P0DXX0,toxin activity [GO:0090729]
P0DXX1,toxin activity [GO:0090729]
P0DXX2,toxin activity [GO:0090729]
P0DXX3,toxin activity [GO:0090729]
P0DXX4,DNA binding [GO:0003677]
P0DXX5,"acyltransferase activity, transferring groups other than amino-acyl groups [GO:0016747]; tRNA binding [GO:0000049]"
P0DXY9,DNA-binding transcription factor activity [GO:0003700]; transcription cis-regulatory region binding [GO:0000976]
P0DXZ4,toxin activity [GO:0090729]
P0DXZ5,potassium channel regulator activity [GO:0015459]; toxin activity [GO:0090729]
P0DXZ6,metal ion binding [GO:0046872]; phospholipase A2 activity [GO:0004623]; toxin activity [GO:0090729]
P0DXZ7,calcium channel regulator activity [GO:0005246]; toxin activity [GO:0090729]
P0DY04,toxin activity [GO:0090729]
P0DY19,hormone activity [GO:0005179]
P71888,sequence-specific DNA binding [GO:0043565]
P78601,structural constituent of cell wall [GO:0005199]
P78602,structural constituent of cell wall [GO:0005199]
P96857,DNA-binding transcription factor activity [GO:0003700]; transcription cis-regulatory region binding [GO:0000976]
P9WEG6,oxidoreductase activity [GO:0016491]
P9WEG7,isomerase activity [GO:0016853]
P9WEJ4,mitochondrion autophagosome adaptor activity [GO:0140580]
Q01491,RNA binding [GO:0003723]
Q080S8,metal ion binding [GO:0046872]; nucleotide binding [GO:0000166]; oxidoreductase activity [GO:0016491]
Q0CPG6,"heme binding [GO:0020037]; iron ion binding [GO:0005506]; monooxygenase activity [GO:0004497]; oxidoreductase activity, acting on paired donors, with incorporation or reduction of molecular oxygen [GO:0016705]"
Q0CPG7,"heme binding [GO:0020037]; iron ion binding [GO:0005506]; monooxygenase activity [GO:0004497]; oxidoreductase activity, acting on paired donors, with incorporation or reduction of molecular oxygen [GO:0016705]"
Q0CPG8,trichodiene synthase activity [GO:0045482]
Q0CPG9,"2 iron, 2 sulfur cluster binding [GO:0051537]; dihydroxy-acid dehydratase activity [GO:0004160]; metal ion binding [GO:0046872]"
Q0KAA1,3-keto-5-aminohexanoate cleavage activity [GO:0043720]; metal ion binding [GO:0046872]
Q10SS2,carboxylic ester hydrolase activity [GO:0052689]
Q177W0,serine-type endopeptidase inhibitor activity [GO:0004867]; toxin activity [GO:0090729]
Q1I187,structural constituent of cell wall [GO:0005199]
Q1LZ24,chromatin insulator sequence binding [GO:0043035]; promoter-specific chromatin binding [GO:1990841]; sequence-specific DNA binding [GO:0043565]; zinc ion binding [GO:0008270]
Q1MWN4,lyase activity [GO:0016829]; oxidoreductase activity [GO:0016491]; phosphopantetheine binding [GO:0031177]
Q2PAY2,ATP binding [GO:0005524]; metal ion binding [GO:0046872]; protein serine/threonine kinase activity [GO:0004674]
Q2PAY3,ATP binding [GO:0005524]; protein serine/threonine kinase activity [GO:0004674]
Q2R560,ATP binding [GO:0005524]; protein serine/threonine kinase activity [GO:0004674]
Q2RBS5,electron-transferring-flavoprotein dehydrogenase activity [GO:0004174]; flavin adenine dinucleotide binding [GO:0050660]
Q2TR58,beta-lactamase activity [GO:0008800]; penicillin binding [GO:0008658]
Q2TXQ1,O-methyltransferase activity [GO:0008171]
Q2TXQ7,"DNA binding [GO:0003677]; DNA-binding transcription factor activity, RNA polymerase II-specific [GO:0000981]; zinc ion binding [GO:0008270]"
Q2TXQ8,3-oxoacyl-[acyl-carrier-protein] synthase activity [GO:0004315]; fatty acid synthase activity [GO:0004312]; phosphopantetheine binding [GO:0031177]
Q2TXQ9,O-methyltransferase activity [GO:0008171]
Q2U3W7,structural constituent of cell wall [GO:0005199]
Q2U919,metal ion binding [GO:0046872]; phosphatase activity [GO:0016791]; protein serine/threonine phosphatase activity [GO:0004722]
Q2WE96,"heme binding [GO:0020037]; hydro-lyase activity [GO:0016836]; iron ion binding [GO:0005506]; monooxygenase activity [GO:0004497]; oxidoreductase activity, acting on paired donors, with incorporation or reduction of molecular oxygen [GO:0016705]"
Q31P89,ATP binding [GO:0005524]; ATP hydrolysis activity [GO:0016887]; DNA replication origin binding [GO:0003688]; lipid binding [GO:0008289]
Q388N2,metal ion binding [GO:0046872]; phosphatase activity [GO:0016791]; protein serine/threonine phosphatase activity [GO:0004722]
Q3HS86,structural constituent of cell wall [GO:0005199]
Q3HS87,structural constituent of cell wall [GO:0005199]
Q3J189,metal ion binding [GO:0046872]; spheroidene monooxygenase activity [GO:0043823]
Q47720,ATP binding [GO:0005524]; D-alanine-D-alanine ligase activity [GO:0008716]; metal ion binding [GO:0046872]
Q4J8Q7,glycosyltransferase activity [GO:0016757]
Q4J8R0,ATP binding [GO:0005524]; kinase activity [GO:0016301]
Q4J8R1,"ATP binding [GO:0005524]; ATP hydrolysis activity [GO:0016887]; catalytic activity, acting on DNA [GO:0140097]; DNA binding [GO:0003677]; helicase activity [GO:0004386]"
Q4J8R2,"4 iron, 4 sulfur cluster binding [GO:0051539]; class I DNA-(apurinic or apyrimidinic site) endonuclease activity [GO:0140078]; DNA N-glycosylase activity [GO:0019104]; endonuclease activity [GO:0004519]; metal ion binding [GO:0046872]"
Q4WBR8,structural constituent of cell wall [GO:0005199]
Q4WC31,structural constituent of cell wall [GO:0005199]
Q4WD22,"hydrolase activity, hydrolyzing O-glycosyl compounds [GO:0004553]"
Q4WEK0,structural constituent of cell wall [GO:0005199]
Q4WMW2,"glycosyltransferase activity [GO:0016757]; hydrolase activity, hydrolyzing O-glycosyl compounds [GO:0004553]"
Q4WTH5,metal ion binding [GO:0046872]; protein serine/threonine phosphatase activity [GO:0004722]
Q4WWM8,guanyl-nucleotide exchange factor activity [GO:0005085]
Q4WWR8,aspartate-semialdehyde dehydrogenase activity [GO:0004073]; NAD binding [GO:0051287]; NADP binding [GO:0050661]; protein dimerization activity [GO:0046983]
Q4WXE6,"hydrolase activity, hydrolyzing O-glycosyl compounds [GO:0004553]"
Q4WXF4,glycine hydroxymethyltransferase activity [GO:0004372]; pyridoxal phosphate binding [GO:0030170]
Q4X055,structural constituent of cell wall [GO:0005199]
Q53AM4,serine-type endopeptidase activity [GO:0004252]; structural molecule activity [GO:0005198]
Q584D1,cardiolipin synthase activity [GO:0008808]
Q58T34,ATP binding [GO:0005524]; fucokinase activity [GO:0050201]; nucleotidyltransferase activity [GO:0016779]
Q59I63,G protein-coupled receptor activity [GO:0004930]
Q5ALM0,aspartate-semialdehyde dehydrogenase activity [GO:0004073]; NAD binding [GO:0051287]; NADP binding [GO:0050661]; protein dimerization activity [GO:0046983]
Q5AV79,"hydrolase activity, acting on ester bonds [GO:0016788]"
Q5AVZ1,structural constituent of cell wall [GO:0005199]
Q5AY37,hydrolase activity [GO:0016787]
Q5AY39,fatty acid synthase activity [GO:0004312]; methyltransferase activity [GO:0008168]; oxidoreductase activity [GO:0016491]; phosphopantetheine binding [GO:0031177]; zinc ion binding [GO:0008270]
Q5AY40,"DNA-binding transcription factor activity, RNA polymerase II-specific [GO:0000981]; transcription cis-regulatory region binding [GO:0000976]; zinc ion binding [GO:0008270]"
Q5AY42,"DNA binding [GO:0003677]; DNA-binding transcription factor activity, RNA polymerase II-specific [GO:0000981]; zinc ion binding [GO:0008270]"
Q5AZ79,structural constituent of cell wall [GO:0005199]
Q5BC93,structural constituent of cell wall [GO:0005199]
Q5EP34,endonuclease activity [GO:0004519]; metal ion binding [GO:0046872]; RNA binding [GO:0003723]
Q5F676,metal ion binding [GO:0046872]; metalloendopeptidase activity [GO:0004222]
Q5F6V8,3'-5' DNA helicase activity [GO:0043138]; ATP binding [GO:0005524]; ATP hydrolysis activity [GO:0016887]; DNA binding [GO:0003677]; zinc ion binding [GO:0008270]
Q5F9Y4,peptidase activity [GO:0008233]
Q5JE51,large ribosomal subunit rRNA binding [GO:0070180]; structural constituent of ribosome [GO:0003735]; zinc ion binding [GO:0008270]
Q5JFE2,zinc ion binding [GO:0008270]
Q5JFH3,zinc ion binding [GO:0008270]
Q5JGN5,RNA binding [GO:0003723]; structural constituent of ribosome [GO:0003735]
Q5JHC6,18S rRNA cytidine N-acetyltransferase activity [GO:1990883]; ATP binding [GO:0005524]; mRNA N-acetyltransferase activity [GO:0106162]; rRNA binding [GO:0019843]; tRNA binding [GO:0000049]; tRNA N4-acetyltransferase activity [GO:0051392]
Q5JJG6,large ribosomal subunit rRNA binding [GO:0070180]; RNA binding [GO:0003723]; structural constituent of ribosome [GO:0003735]
Q5KIM6,ATP binding [GO:0005524]; ATP hydrolysis activity [GO:0016887]; RNA binding [GO:0003723]; translation elongation factor activity [GO:0003746]
Q5KPK7,aspartate-semialdehyde dehydrogenase activity [GO:0004073]; NAD binding [GO:0051287]; NADP binding [GO:0050661]; protein dimerization activity [GO:0046983]
Q5SC47,metal ion binding [GO:0046872]
Q5SC49,RNA binding [GO:0003723]; structural molecule activity [GO:0005198]
Q5SC50,ATP binding [GO:0005524]; hydrolase activity [GO:0016787]; mRNA 5'-cap (guanine-N7-)-methyltransferase activity [GO:0004482]; RNA-directed RNA polymerase activity [GO:0003968]
Q5SC51,exo-alpha-sialidase activity [GO:0004308]; host cell surface receptor binding [GO:0046789]
Q5SC54,structural constituent of virion [GO:0039660]
Q5TVM9,5'-nucleotidase activity [GO:0008253]; apyrase activity [GO:0004050]; enzyme activator activity [GO:0008047]; metal ion binding [GO:0046872]; nucleotide binding [GO:0000166]; toxin activity [GO:0090729]
Q5U117,flavin adenine dinucleotide binding [GO:0050660]; medium-chain fatty acyl-CoA dehydrogenase activity [GO:0070991]
Q6J4Q1,nutrient reservoir activity [GO:0045735]
Q6M0N8,aspartic-type endopeptidase activity [GO:0004190]
Q6NP91,calcium-activated cation channel activity [GO:0005227]; mechanosensitive monoatomic cation channel activity [GO:0140135]; mechanosensitive monoatomic ion channel activity [GO:0008381]
Q6UXT6,G protein-coupled receptor activity [GO:0004930]; olfactory receptor activity [GO:0004984]
Q6XEC0,beta-lactamase activity [GO:0008800]; penicillin binding [GO:0008658]
Q6YF31,structural constituent of cell wall [GO:0005199]
Q6YF32,structural constituent of cell wall [GO:0005199]
Q6ZI01,calmodulin binding [GO:0005516]; protein-folding chaperone binding [GO:0051087]
Q70KH3,methyltransferase activity [GO:0008168]
Q70KH6,"heme binding [GO:0020037]; iron ion binding [GO:0005506]; monooxygenase activity [GO:0004497]; oxidoreductase activity, acting on paired donors, with incorporation or reduction of molecular oxygen [GO:0016705]"
Q75T84,structural constituent of cell wall [GO:0005199]
Q7DDD9,DNA binding [GO:0003677]; DNA-binding transcription factor activity [GO:0003700]
Q7K6A5,ABC-type transporter activity [GO:0140359]; ATP binding [GO:0005524]; ATP hydrolysis activity [GO:0016887]; ATPase-coupled transmembrane transporter activity [GO:0042626]; metal ion binding [GO:0046872]
Q7TQN4,"actinin binding [GO:0042805]; ankyrin repeat binding [GO:0071532]; chromatin binding [GO:0003682]; chromatin DNA binding [GO:0031490]; DNA binding [GO:0003677]; DNA-binding transcription activator activity, RNA polymerase II-specific [GO:0001228]; DNA-binding transcription factor activity [GO:0003700]; DNA-binding transcription factor activity, RNA polymerase II-specific [GO:0000981]; DNA-binding transcription factor binding [GO:0140297]; DNA-binding transcription repressor activity, RNA polymerase II-specific [GO:0001227]; double-stranded DNA binding [GO:0003690]; enzyme binding [GO:0019899]; general transcription initiation factor binding [GO:0140296]; histone deacetylase binding [GO:0042826]; identical protein binding [GO:0042802]; NF-kappaB binding [GO:0051059]; peptide binding [GO:0042277]; phosphate ion binding [GO:0042301]; protein homodimerization activity [GO:0042803]; protein kinase binding [GO:0019901]; protein-containing complex binding [GO:0044877]; RNA polymerase II cis-regulatory region sequence-specific DNA binding [GO:0000978]; RNA polymerase II core promoter sequence-specific DNA binding [GO:0000979]; RNA polymerase II transcription regulatory region sequence-specific DNA binding [GO:0000977]; sequence-specific DNA binding [GO:0043565]; transcription cis-regulatory region binding [GO:0000976]; transcription coactivator binding [GO:0001223]; ubiquitin protein ligase binding [GO:0031625]"
Q83XP3,"4 iron, 4 sulfur cluster binding [GO:0051539]; cobalamin binding [GO:0031419]; metal ion binding [GO:0046872]; methyltransferase activity [GO:0008168]"
Q83YH3,metal ion binding [GO:0046872]; monooxygenase activity [GO:0004497]
Q88NV1,ATP binding [GO:0005524]; ATP hydrolysis activity [GO:0016887]; DNA binding [GO:0003677]; helicase activity [GO:0004386]
Q8CWM9,3'-5' DNA helicase activity [GO:0043138]; ATP binding [GO:0005524]; hydrolase activity [GO:0016787]; nucleic acid binding [GO:0003676]
Q8H305,"acyltransferase activity, transferring groups other than amino-acyl groups [GO:0016747]; tetraketide alpha-pyrone synthase activity [GO:0090439]"
Q8I397,ferrous iron transmembrane transporter activity [GO:0015093]
Q8I3M7,cadmium ion transmembrane transporter activity [GO:0015086]; manganese ion transmembrane transporter activity [GO:0005384]
Q8I4Z1,calcium-dependent phospholipid binding [GO:0005544]
Q8IBB7,folic acid transmembrane transporter activity [GO:0008517]
Q8IBI5,cystathionine gamma-lyase activity [GO:0004123]; cysteine desulfurase activity [GO:0031071]; iron-sulfur cluster binding [GO:0051536]; metal ion binding [GO:0046872]
Q8IDH9,ABC-type transporter activity [GO:0140359]; ATP binding [GO:0005524]; ATP hydrolysis activity [GO:0016887]; ATPase-coupled transmembrane transporter activity [GO:0042626]
Q8IEK7,cysteine desulfurase activity [GO:0031071]
Q8IIK1,folic acid transmembrane transporter activity [GO:0008517]
Q8IIR7,calcium ion binding [GO:0005509]
Q8IJI1,zinc ion transmembrane transporter activity [GO:0005385]
Q8IJS6,heme oxygenase (decyclizing) activity [GO:0004392]
Q8IKT4,"2 iron, 2 sulfur cluster binding [GO:0051537]; ferrous iron binding [GO:0008198]; iron ion binding [GO:0005506]"
Q8IP99,transcription coactivator activity [GO:0003713]
Q8IPA1,transcription coactivator activity [GO:0003713]
Q8IPZ3,NADPH dehydrogenase (quinone) activity [GO:0008753]; oxidoreductase activity [GO:0016491]
Q8IQA2,mRNA binding [GO:0003729]; RNA binding [GO:0003723]
Q8KN66,isomerase activity [GO:0016853]; nucleotide binding [GO:0000166]
Q8LDU1,heme binding [GO:0020037]; metal ion binding [GO:0046872]; oxidoreductase activity [GO:0016491]; protein homodimerization activity [GO:0042803]
Q8MVC4,serine-type endopeptidase inhibitor activity [GO:0004867]
Q8QV65,exo-alpha-sialidase activity [GO:0004308]; host cell surface receptor binding [GO:0046789]
Q8QV69,metal ion binding [GO:0046872]
Q8U0V2,"4 iron, 4 sulfur cluster binding [GO:0051539]; metal ion binding [GO:0046872]; oxidoreductase activity [GO:0016491]"
Q8U3G4,18S rRNA cytidine N-acetyltransferase activity [GO:1990883]; ATP binding [GO:0005524]; helicase activity [GO:0004386]; hydrolase activity [GO:0016787]; mRNA N-acetyltransferase activity [GO:0106162]; rRNA binding [GO:0019843]; tRNA binding [GO:0000049]; tRNA N4-acetyltransferase activity [GO:0051392]
Q8X1N0,structural constituent of cell wall [GO:0005199]
Q8X1T7,structural constituent of cell wall [GO:0005199]
Q8X1T8,structural constituent of cell wall [GO:0005199]
Q8X1T9,structural constituent of cell wall [GO:0005199]
Q8XAN6,ubiquitin-protein transferase activity [GO:0004842]
Q8ZL97,DNA binding [GO:0003677]
Q8ZL98,"acyltransferase activity, transferring groups other than amino-acyl groups [GO:0016747]; tRNA binding [GO:0000049]"
Q90YL6,DNA binding [GO:0003677]; DNA-binding transcription factor activity [GO:0003700]; nuclear receptor activity [GO:0004879]; RNA polymerase II cis-regulatory region sequence-specific DNA binding [GO:0000978]; zinc ion binding [GO:0008270]
Q92ZP7,FMN binding [GO:0010181]; riboflavin reductase (NADPH) activity [GO:0042602]
Q92ZP8,"2 iron, 2 sulfur cluster binding [GO:0051537]; oxidoreductase activity [GO:0016491]"
Q92ZP9,"2 iron, 2 sulfur cluster binding [GO:0051537]; dioxygenase activity [GO:0051213]; iron ion binding [GO:0005506]"
Q95P65,5'-nucleotidase activity [GO:0008253]; apyrase activity [GO:0004050]; integrin binding [GO:0005178]; magnesium ion binding [GO:0000287]; manganese ion binding [GO:0030145]; nucleotide binding [GO:0000166]; toxin activity [GO:0090729]
Q97U12,18S rRNA cytidine N-acetyltransferase activity [GO:1990883]; ATP binding [GO:0005524]; mRNA N-acetyltransferase activity [GO:0106162]; rRNA binding [GO:0019843]; tRNA binding [GO:0000049]; tRNA N4-acetyltransferase activity [GO:0051392]
Q97ZJ8,"DNA binding [GO:0003677]; DNA topoisomerase type I (single strand cut, ATP-independent) activity [GO:0003917]; metal ion binding [GO:0046872]"
Q980C5,18S rRNA cytidine N-acetyltransferase activity [GO:1990883]; ATP binding [GO:0005524]; mRNA N-acetyltransferase activity [GO:0106162]; rRNA binding [GO:0019843]; tRNA binding [GO:0000049]; tRNA N4-acetyltransferase activity [GO:0051392]
Q98500,polynucleotide 5'-phosphatase activity [GO:0004651]
Q99YA0,metal ion binding [GO:0046872]
Q9AYZ3,metal ion binding [GO:0046872]
Q9BIM7,calcium ion binding [GO:0005509]
Q9CZP3,zinc ion binding [GO:0008270]
Q9DQA5,RNA binding [GO:0003723]; structural molecule activity [GO:0005198]
Q9FD33,ammonia-lyase activity [GO:0016841]
Q9FD36,oxidoreductase activity [GO:0016491]
Q9GTP4,nucleoside transmembrane transporter activity [GO:0005337]
Q9GTP5,nucleoside transmembrane transporter activity [GO:0005337]
Q9HDD5,structural constituent of cell wall [GO:0005199]
Q9HUT5,DNA-binding transcription activator activity [GO:0001216]; DNA-binding transcription factor activity [GO:0003700]; nucleotide binding [GO:0000166]; transcription cis-regulatory region binding [GO:0000976]
Q9J4L4,structural constituent of virion [GO:0039660]
Q9JN36,carboxypeptidase activity [GO:0004180]; metal ion binding [GO:0046872]
Q9JXC6,metal ion binding [GO:0046872]
Q9K163,metal ion binding [GO:0046872]; metalloendopeptidase activity [GO:0004222]
Q9KJT3,metal ion binding [GO:0046872]; phosphoprotein phosphatase activity [GO:0004721]; phosphorelay sensor kinase activity [GO:0000155]
Q9KJT4,phosphorelay response regulator activity [GO:0000156]; transcription cis-regulatory region binding [GO:0000976]
Q9KN86,metal ion binding [GO:0046872]; metalloendopeptidase activity [GO:0004222]; peptidoglycan binding [GO:0042834]
Q9KU93,metalloendopeptidase activity [GO:0004222]
Q9KUL5,metal ion binding [GO:0046872]; metalloendopeptidase activity [GO:0004222]; peptidoglycan binding [GO:0042834]
Q9KZP3,cardiolipin synthase (CMP-forming) [GO:0043337]; CDP-diacylglycerol-glycerol-3-phosphate 3-phosphatidyltransferase activity [GO:0008444]
Q9L391,lyase activity [GO:0016829]; oxidoreductase activity [GO:0016491]; phosphopantetheine binding [GO:0031177]
Q9L392,metal ion binding [GO:0046872]; phosphoglycolate phosphatase activity [GO:0008967]
Q9L393,"hydrolase activity, acting on glycosyl bonds [GO:0016798]; metal ion binding [GO:0046872]; pseudouridylate synthase activity [GO:0004730]"
Q9MCT1,endonuclease activity [GO:0004519]
Q9NBV4,nucleoside transmembrane transporter activity [GO:0005337]
Q9P8S9,structural constituent of cell wall [GO:0005199]
Q9P8T0,structural constituent of cell wall [GO:0005199]
Q9RHD7,"NAD binding [GO:0051287]; oxidoreductase activity, acting on the CH-CH group of donors, NAD or NADP as acceptor [GO:0016628]; UDP-glucose 6-dehydrogenase activity [GO:0003979]"
Q9UVF9,"endo-1,4-beta-xylanase activity [GO:0031176]"
Q9VBV8,"alpha-1,2-mannosyltransferase activity [GO:0000026]; dol-P-Man:Man(6)GlcNAc(2)-PP-Dol alpha-1,2-mannosyltransferase activity [GO:0052926]; dol-P-Man:Man(8)GlcNAc(2)-PP-Dol alpha-1,2-mannosyltransferase activity [GO:0052918]"
Q9VC03,ATP binding [GO:0005524]; nicotinamide-nucleotide adenylyltransferase activity [GO:0000309]; nicotinate-nucleotide adenylyltransferase activity [GO:0004515]; unfolded protein binding [GO:0051082]
Q9VGE2,protein heterodimerization activity [GO:0046982]; transcription coactivator activity [GO:0003713]
Q9VGV8,protein folding chaperone [GO:0044183]
Q9VHC5,chromatin DNA binding [GO:0031490]; histone H3K9 demethylase activity [GO:0032454]; histone H3K9me/H3K9me2 demethylase activity [GO:0140683]; transcription coregulator activity [GO:0003712]
Q9VHK6,"2 iron, 2 sulfur cluster binding [GO:0051537]; ferrous iron binding [GO:0008198]; iron-sulfur cluster chaperone activity [GO:0140132]"
Q9VJ10,oxidoreductase activity [GO:0016491]
Q9VJ31,betaine-homocysteine S-methyltransferase activity [GO:0047150]; S-adenosylmethionine-homocysteine S-methyltransferase activity [GO:0008898]; S-methylmethionine-homocysteine S-methyltransferase activity [GO:0061627]; zinc ion binding [GO:0008270]
Q9VJ90,ATP binding [GO:0005524]; protein serine/threonine kinase activity [GO:0004674]
Q9VJG4,enzyme inhibitor activity [GO:0004857]
Q9VPT4,protein heterodimerization activity [GO:0046982]; RNA polymerase II general transcription initiation factor activity [GO:0016251]; transcription coactivator activity [GO:0003713]
Q9VT00,2-oxoglutarate-dependent dioxygenase activity [GO:0016706]; DNA binding [GO:0003677]; protein-containing complex binding [GO:0044877]
Q9VU77,2-oxoglutarate-dependent dioxygenase activity [GO:0016706]; endopeptidase activity [GO:0004175]; ferrous iron binding [GO:0008198]; identical protein binding [GO:0042802]; peptidyl-lysine 3-dioxygenase activity [GO:0106155]
Q9VU86,transcription coregulator activity [GO:0003712]
Q9VX12,protein heterodimerization activity [GO:0046982]; transcription coactivator activity [GO:0003713]
Q9W0M3,chromatin binding [GO:0003682]; histone H3K36 demethylase activity [GO:0051864]; histone H3K36me/H3K36me2 demethylase activity [GO:0140680]; metal ion binding [GO:0046872]; peptidyl-arginine 3-dioxygenase activity [GO:0106157]
Q9W2I4,methylated histone binding [GO:0035064]
Q9W2W5,ADP-ribosylarginine hydrolase activity [GO:0003875]
Q9W3Y1,ATP binding [GO:0005524]; histone kinase activity [GO:0035173]; protein kinase activity [GO:0004672]; protein serine/threonine kinase activity [GO:0004674]
Q9W4J9,ADP-ribosylarginine hydrolase activity [GO:0003875]
Q9WAF5,exo-alpha-sialidase activity [GO:0004308]; host cell surface receptor binding [GO:0046789]
Q9Y7G9,structural constituent of cell wall [GO:0005199]
Q9Y7H0,structural constituent of cell wall [GO:0005199]
Q9Y8F0,structural constituent of cell wall [GO:0005199]
Q9Z0L6,hormone activity [GO:0005179]; peptide hormone receptor binding [GO:0051428]; type 1 parathyroid hormone receptor binding [GO:0031857]
Q9ZIH2,metal ion transmembrane transporter activity [GO:0046873]
Q9ZPL5,cystathionine gamma-synthase activity [GO:0003962]; pyridoxal phosphate binding [GO:0030170]
R4H5E1,sodium channel inhibitor activity [GO:0019871]; toxin activity [GO:0090729]
S8EUF0,ATP binding [GO:0005524]; MAP kinase activity [GO:0004707]
S8EXU2,ABC-type transporter activity [GO:0140359]; ATP binding [GO:0005524]; ATP hydrolysis activity [GO:0016887]
S8G033,dioxygenase activity [GO:0051213]; metal ion binding [GO:0046872]
S8GI44,ATP binding [GO:0005524]; protein serine kinase activity [GO:0106310]; protein serine/threonine kinase activity [GO:0004674]
U5T7E4,serine-type endopeptidase inhibitor activity [GO:0004867]
V5H924,cysteine-type endopeptidase inhibitor activity [GO:0004869]
V9LFM0,calcium ion binding [GO:0005509]
V9TNS0,"xylan 1,4-beta-xylosidase activity [GO:0009044]"
V9TS54,"endo-1,4-beta-xylanase activity [GO:0031176]"
V9TT49,"xylan 1,4-beta-xylosidase activity [GO:0009044]"
W1QET1,adenylyltransferase activity [GO:0070566]; ATP binding [GO:0005524]; metal ion binding [GO:0046872]; thiosulfate-cyanide sulfurtransferase activity [GO:0004792]; URM1 activating enzyme activity [GO:0042292]
X0JZ91,metal ion binding [GO:0046872]
