Entry,Gene Ontology (biological process)
A0A023PMT2,antibacterial humoral response [GO:0019731]; defense response to Gram-negative bacterium [GO:0050829]; defense response to Gram-positive bacterium [GO:0050830]; innate immune response [GO:0045087]
A0A059WI14,methylation [GO:0032259]; response to cadmium ion [GO:0046686]
A0A075D654,alkaloid metabolic process [GO:0009820]; methylation [GO:0032259]
A0A075D6M1,alkaloid metabolic process [GO:0009820]; methylation [GO:0032259]
A0A077Y877,iron ion transmembrane transport [GO:0034755]
A0A080WMA9,'de novo' L-methionine biosynthetic process [GO:0071266]; lysine biosynthetic process via diaminopimelate [GO:0009089]; threonine biosynthetic process [GO:0009088]
A0A089LCJ8,carbohydrate metabolic process [GO:0005975]; glucuronoside catabolic process [GO:0019391]
A0A089MMR2,carbohydrate metabolic process [GO:0005975]
A0A0B5JC15,xylan catabolic process [GO:0045493]
A0A0D1CLQ4,cytoplasmic translational elongation [GO:0002182]
A0A0D1E4Y8,appressorium formation [GO:0075016]
A0A0D1E921,appressorium formation [GO:0075016]
A0A0F6B281,protein quality control for misfolded or incompletely synthesized proteins [GO:0006515]; rescue of stalled ribosome [GO:0072344]
A0A0F6B5X3,regulation of DNA-templated transcription [GO:0006355]
A0A0F6B8D9,regulation of DNA-templated transcription [GO:0006355]
A0A0F6BAH8,regulation of DNA-templated transcription [GO:0006355]
A0A0F6NRE2,L-arabinose metabolic process [GO:0046373]
A0A0F7TWW9,isoleucine biosynthetic process [GO:0009097]; L-valine biosynthetic process [GO:0009099]
A0A0F7TWX5,sesquiterpenoid biosynthetic process [GO:0016106]
A0A0F7TZ11,mycotoxin biosynthetic process [GO:0043386]
A0A0F7U0K0,mycotoxin biosynthetic process [GO:0043386]
A0A0G4KL96,xylan catabolic process [GO:0045493]
A0A0H2X5R2,NAD biosynthetic process [GO:0009435]
A0A0H2X6L3,NAD biosynthetic process [GO:0009435]
A0A0H2XAU1,DNA-templated transcription [GO:0006351]
A0A0H3KA40,CAAX-box protein maturation [GO:0080120]
A0A0J9VT58,DNA-templated transcription [GO:0006351]
A0A0J9VYS2,DNA-templated transcription [GO:0006351]
A0A0J9W3S9,DNA-templated transcription [GO:0006351]
A0A0J9W9G2,DNA-templated transcription [GO:0006351]
A0A0J9WAS0,DNA-templated transcription [GO:0006351]
A0A0J9WP80,DNA-templated transcription [GO:0006351]
A0A0J9WVC0,DNA-templated transcription [GO:0006351]
A0A0L1JEW4,sterol biosynthetic process [GO:0016126]
A0A0L1JF11,amino acid activation for nonribosomal peptide biosynthetic process [GO:0043041]; secondary metabolite biosynthetic process [GO:0044550]
A0A0L1JF88,methylation [GO:0032259]
A0A0L1JG62,fatty acid biosynthetic process [GO:0006633]; methylation [GO:0032259]; secondary metabolite biosynthetic process [GO:0044550]
A0A0N7FMT9,defense response to bacterium [GO:0042742]; defense response to fungus [GO:0050832]; killing of cells of another organism [GO:0031640]
A0A0N9LWM6,defense response to bacterium [GO:0042742]; defense response to fungus [GO:0050832]; killing of cells of another organism [GO:0031640]
A0A0R0H9T5,positive regulation of response to salt stress [GO:1901002]; protein folding [GO:0006457]; response to abscisic acid [GO:0009737]; response to mannitol [GO:0010555]; response to salt [GO:1902074]
A0A0U3AB61,polysaccharide biosynthetic process [GO:0000271]
A0A0U3S9Q3,alkaloid metabolic process [GO:0009820]
A0A0U4AHM6,alkaloid metabolic process [GO:0009820]
A0A0U4BHM2,alkaloid metabolic process [GO:0009820]
A0A139AVY4,cytoplasmic translational elongation [GO:0002182]; regulation of biosynthetic process [GO:0009889]
A0A172QE52,fatty acid biosynthetic process [GO:0006633]; secondary metabolite biosynthetic process [GO:0044550]
A0A179UL48,'de novo' L-methionine biosynthetic process [GO:0071266]; lysine biosynthetic process via diaminopimelate [GO:0009089]; threonine biosynthetic process [GO:0009088]
A0A194VNL2,MAPK cascade [GO:0000165]
A0A194W8T8,MAPK cascade [GO:0000165]
A0A194WDG1,cell integrity MAPK cascade [GO:0000196]; negative regulation of glucose mediated signaling pathway [GO:1902660]; negative regulation of mitotic cytokinesis [GO:1902413]; positive regulation of calcium ion import across plasma membrane [GO:1905665]; positive regulation of calcium-mediated signaling [GO:0050850]; regulation of fungal-type cell wall biogenesis [GO:0032995]
A0A1B5KW97,stress-activated MAPK cascade [GO:0051403]
A0A1C3NEV1,lipopolysaccharide core region biosynthetic process [GO:0009244]
A0A1D8PMB8,'de novo' L-methionine biosynthetic process [GO:0071266]; homoserine biosynthetic process [GO:0009090]; threonine biosynthetic process [GO:0009088]
A0A1H1YBL2,cysteine biosynthetic process via cystathionine [GO:0019343]; transsulfuration [GO:0019346]
A0A1I1NU16,defense response to virus [GO:0051607]; protein modification by small protein conjugation [GO:0032446]; proteolysis [GO:0006508]
A0A1I1NU27,defense response to virus [GO:0051607]; protein modification by small protein conjugation [GO:0032446]
A0A1I1P074,defense response to virus [GO:0051607]; protein modification by small protein conjugation [GO:0032446]
A0A1I1P2K9,defense response to virus [GO:0051607]; protein modification by small protein conjugation [GO:0032446]
A0A1L8F8I9,positive regulation of Ras protein signal transduction [GO:0046579]
A0A218NGS0,indole alkaloid biosynthetic process [GO:0035835]
A0A223GB52,lysine biosynthetic process via aminoadipic acid [GO:0019878]
A0A223HDH4,mannitol catabolic process [GO:0019592]
A0A2G0QDN4,steroid metabolic process [GO:0008202]
A0A2H1K3G9,cysteine biosynthetic process via cystathionine [GO:0019343]; transsulfuration [GO:0019346]
A0A2K3D1C8,cardiolipin biosynthetic process [GO:0032049]
A0A2P1AAV1,oligopeptide export from mitochondrion [GO:0090374]
A0A2R8QHQ6,fusion of sperm to egg plasma membrane involved in single fertilization [GO:0007342]; heterotypic cell-cell adhesion [GO:0034113]; sperm-egg recognition [GO:0035036]
A0A2Z5U367,alkaloid metabolic process [GO:0009820]
A0A2Z5U3C2,mycotoxin biosynthetic process [GO:0043386]
A0A2Z5U507,biosynthetic process [GO:0009058]
A0A2Z5U6I9,mycotoxin biosynthetic process [GO:0043386]
A0A2Z5UFJ1,methylation [GO:0032259]; secondary metabolite biosynthetic process [GO:0044550]
A0A2Z5UHX0,amino acid activation for nonribosomal peptide biosynthetic process [GO:0043041]; secondary metabolite biosynthetic process [GO:0044550]
A0A364LYQ6,regulation of DNA-templated transcription [GO:0006355]
A0A384J6C4,carbohydrate metabolic process [GO:0005975]; fungal-type cell wall organization [GO:0031505]
A0A384JN58,carbohydrate metabolic process [GO:0005975]; chitin metabolic process [GO:0006030]; fungal-type cell wall organization [GO:0031505]
A0A384JXV5,xylan catabolic process [GO:0045493]
A0A384K116,carbohydrate metabolic process [GO:0005975]; chitin metabolic process [GO:0006030]; fungal-type cell wall organization [GO:0031505]
A0A384K474,xylan catabolic process [GO:0045493]
A0A384K4T0,carbohydrate metabolic process [GO:0005975]; fungal-type cell wall organization [GO:0031505]
A0A385XI11,sorbitol catabolic process [GO:0006062]
A0A385XI13,secondary metabolic process [GO:0019748]
A0A3Q7EKL1,positive regulation of transcription by RNA polymerase II [GO:0045944]; regulation of transcription by RNA polymerase II [GO:0006357]
A0A455LJ99,positive regulation of transcription by RNA polymerase II [GO:0045944]
A0A455ZJD4,amino acid activation for nonribosomal peptide biosynthetic process [GO:0043041]; methylation [GO:0032259]; toxin biosynthetic process [GO:0009403]
A0A455ZKR7,small molecule biosynthetic process [GO:0044283]
A0A455ZMR3,small molecule biosynthetic process [GO:0044283]
A0A482PJF5,biological process involved in symbiotic interaction [GO:0044403]
A0A482PJY4,biological process involved in symbiotic interaction [GO:0044403]
A0A482PUS2,biological process involved in symbiotic interaction [GO:0044403]
A0A498JQK2,coenzyme A biosynthetic process [GO:0015937]; positive regulation of response to salt stress [GO:1901002]; regulation of root development [GO:2000280]; response to salt stress [GO:0009651]
A0A4W3GG95,adenylate cyclase-activating G protein-coupled receptor signaling pathway [GO:0007189]; cellular response to acidic pH [GO:0071468]
A0A509AC44,proteolysis [GO:0006508]
A0A509AM03,proteolysis [GO:0006508]
A0A5B9GBF0,stress-activated MAPK cascade [GO:0051403]
A0A5N6H279,regulation of DNA-templated transcription [GO:0006355]
A0A6B9HEI0,antibiotic biosynthetic process [GO:0017000]; methylation [GO:0032259]
A0A6I8PUB9,adenylate cyclase-activating G protein-coupled receptor signaling pathway [GO:0007189]; cellular response to acidic pH [GO:0071468]
A0A7G5KET3,gluconeogenesis [GO:0006094]; glycolytic process [GO:0006096]; negative regulation of acetyl-CoA biosynthetic process from pyruvate [GO:0160218]
A0A7J6JXB6,plasma membrane organization [GO:0007009]; regulated exocytosis [GO:0045055]; vesicle fusion to plasma membrane [GO:0099500]
A0A7J6K144,exocytosis [GO:0006887]
A0A7J6K2G0,plasma membrane organization [GO:0007009]; regulated exocytosis [GO:0045055]
A0A7J6K9S4,exocytosis [GO:0006887]
A0A7J6KC99,exocytosis [GO:0006887]
A0A7T8F1I4,biosynthetic process [GO:0009058]
A0A7T8J1U7,'de novo' IMP biosynthetic process [GO:0006189]; purine nucleobase biosynthetic process [GO:0009113]
A0A7T8J1Z8,methylation [GO:0032259]; secondary metabolite biosynthetic process [GO:0044550]
A0A7U2MSD6,negative regulation of protein targeting to mitochondrion [GO:1903215]
A0A7U2QYM2,negative regulation of induction of conjugation with cellular fusion [GO:0010515]; positive regulation of transcription elongation by RNA polymerase II [GO:0032968]; transcription initiation-coupled chromatin remodeling [GO:0045815]
A0A8C2LVE3,gene expression [GO:0010467]; heparan sulfate proteoglycan biosynthetic process [GO:0015012]; heparin proteoglycan metabolic process [GO:0030202]; ureteric bud formation [GO:0060676]
A0A8C2M425,GPI anchor biosynthetic process [GO:0006506]
A0A8I5ZM56,microtubule cytoskeleton organization [GO:0000226]
A0A8I6ASZ5,regulation of protein K48-linked ubiquitination [GO:0061945]; rescue of stalled ribosome [GO:0072344]
A0A8I6GJ95,L-fucose catabolic process [GO:0042355]; steroid catabolic process [GO:0006706]
A0A8I6GM68,"actin filament organization [GO:0007015]; aggresome assembly [GO:0070842]; axonal transport of mitochondrion [GO:0019896]; cellular response to hydrogen peroxide [GO:0070301]; cellular response to misfolded protein [GO:0071218]; cellular response to parathyroid hormone stimulus [GO:0071374]; cellular response to topologically incorrect protein [GO:0035967]; cilium disassembly [GO:0061523]; collateral sprouting [GO:0048668]; dendritic spine morphogenesis [GO:0060997]; epidermal growth factor receptor signaling pathway [GO:0007173]; erythrocyte enucleation [GO:0043131]; intracellular protein transport [GO:0006886]; lysosome localization [GO:0032418]; mitochondrion localization [GO:0051646]; negative regulation of aggrephagy [GO:1905336]; negative regulation of axon extension involved in axon guidance [GO:0048843]; negative regulation of gene expression, epigenetic [GO:0045814]; negative regulation of hydrogen peroxide metabolic process [GO:0010727]; negative regulation of microtubule depolymerization [GO:0007026]; negative regulation of neuron projection development [GO:0010977]; negative regulation of protein-containing complex assembly [GO:0031333]; negative regulation of protein-containing complex disassembly [GO:0043242]; negative regulation of proteolysis [GO:0045861]; neuron differentiation [GO:0030182]; polyubiquitinated misfolded protein transport [GO:0070845]; positive regulation of cellular response to oxidative stress [GO:1900409]; positive regulation of cholangiocyte proliferation [GO:1904056]; positive regulation of dendrite morphogenesis [GO:0050775]; positive regulation of epithelial cell migration [GO:0010634]; positive regulation of intracellular estrogen receptor signaling pathway [GO:0033148]; positive regulation of protein oligomerization [GO:0032461]; positive regulation of synaptic transmission, glutamatergic [GO:0051968]; positive regulation of type 2 mitophagy [GO:1905091]; protein destabilization [GO:0031648]; protein polyubiquitination [GO:0000209]; protein quality control for misfolded or incompletely synthesized proteins [GO:0006515]; protein-containing complex disassembly [GO:0032984]; regulation of establishment of protein localization [GO:0070201]; regulation of fat cell differentiation [GO:0045598]; regulation of macroautophagy [GO:0016241]; regulation of microtubule cytoskeleton organization [GO:0070507]; regulation of mitochondrion organization [GO:0010821]; regulation of protein stability [GO:0031647]; response to amphetamine [GO:0001975]; response to corticosterone [GO:0051412]; response to dexamethasone [GO:0071548]; response to immobilization stress [GO:0035902]; response to misfolded protein [GO:0051788]; type 2 mitophagy [GO:0061734]; ubiquitin-dependent protein catabolic process [GO:0006511]; ubiquitin-dependent protein catabolic process via the multivesicular body sorting pathway [GO:0043162]"
A0A8J1LLF7,apoptotic DNA fragmentation [GO:0006309]; pre-miRNA processing [GO:0031054]; siRNA processing [GO:0030422]
A0A8V0ZB02,drinking behavior [GO:0042756]; intestinal stem cell homeostasis [GO:0036335]; sensory perception of sound [GO:0007605]; surfactant secretion [GO:0160069]
A0A974H8H3,apoptotic DNA fragmentation [GO:0006309]; pre-miRNA processing [GO:0031054]; siRNA processing [GO:0030422]
A0A9E7LUJ4,indole alkaloid biosynthetic process [GO:0035835]
A0A9E7LUL3,indole alkaloid biosynthetic process [GO:0035835]
A0A9E7LUR3,indole alkaloid biosynthetic process [GO:0035835]
A0A9E7S4M3,indole alkaloid biosynthetic process [GO:0035835]
A0A9E7S4M4,indole alkaloid biosynthetic process [GO:0035835]
A0A9E7S518,indole alkaloid biosynthetic process [GO:0035835]
A0A9E7S5B9,indole alkaloid biosynthetic process [GO:0035835]
A0A9E7S5E3,indole alkaloid biosynthetic process [GO:0035835]
A0A9P4XUZ4,DNA repair [GO:0006281]
A0A9P4XWM4,"mRNA splicing, via spliceosome [GO:0000398]; regulation of alternative mRNA splicing, via spliceosome [GO:0000381]"
A0A9P5CQV5,methylation [GO:0032259]
A0AA51VIL5,methylation [GO:0032259]
A0AA51VIL7,methylation [GO:0032259]
A0AA51VIM4,methylation [GO:0032259]
A0AA51VKJ3,methylation [GO:0032259]
A0AA51Z0J6,methylation [GO:0032259]
A0AA51Z3J4,amino acid metabolic process [GO:0006520]; carboxylic acid metabolic process [GO:0019752]
A0AA51Z3S7,methylation [GO:0032259]
A0AAE9G628,symbiont entry into host cell [GO:0046718]
A0AAN4PAE6,L-phenylalanine catabolic process [GO:0006559]
A0AAN4PB13,amino acid activation for nonribosomal peptide biosynthetic process [GO:0043041]; secondary metabolite biosynthetic process [GO:0044550]
A0AAN4PBA1,biosynthetic process [GO:0009058]; secondary metabolic process [GO:0019748]
A0AAQ4VMX2,"complement activation [GO:0006956]; complement activation, classical pathway [GO:0006958]; inflammatory response [GO:0006954]; innate immune response [GO:0045087]"
A0AAT9JA24,L-fucose catabolic process [GO:0042355]; steroid catabolic process [GO:0006706]
A0AAW1HA02,cell wall organization [GO:0071555]; cellulose biosynthetic process [GO:0030244]; glycosylation [GO:0070085]; saponin biosynthetic process [GO:0016135]; triterpenoid biosynthetic process [GO:0016104]
A0AAW1I778,carbohydrate metabolic process [GO:0005975]; saponin biosynthetic process [GO:0016135]; triterpenoid biosynthetic process [GO:0016104]
A0AAW1IQ05,glycosylation [GO:0070085]; saponin biosynthetic process [GO:0016135]; triterpenoid biosynthetic process [GO:0016104]
A0AAW1J1B8,glycosylation [GO:0070085]; saponin biosynthetic process [GO:0016135]; triterpenoid biosynthetic process [GO:0016104]
A0AAW1J8D7,saponin biosynthetic process [GO:0016135]; triterpenoid biosynthetic process [GO:0016104]
A0AAW1J9R8,glycosylation [GO:0070085]; saponin biosynthetic process [GO:0016135]; triterpenoid biosynthetic process [GO:0016104]
A0AAW1JA93,saponin biosynthetic process [GO:0016135]; sterol metabolic process [GO:0016125]; triterpenoid biosynthetic process [GO:0016104]
A0AAW1K8I9,glycosylation [GO:0070085]; saponin biosynthetic process [GO:0016135]; triterpenoid biosynthetic process [GO:0016104]
A0AAW1L0L7,saponin biosynthetic process [GO:0016135]; triterpenoid biosynthetic process [GO:0016104]
A0AAW1LG41,saponin biosynthetic process [GO:0016135]; triterpenoid biosynthetic process [GO:0016104]
A0AAW1M2U7,glycosylation [GO:0070085]; saponin biosynthetic process [GO:0016135]; triterpenoid biosynthetic process [GO:0016104]
A0AAW1MQS1,glycosylation [GO:0070085]; saponin biosynthetic process [GO:0016135]; triterpenoid biosynthetic process [GO:0016104]
A0AAW1NEA3,saponin biosynthetic process [GO:0016135]; sterol metabolic process [GO:0016125]; triterpenoid biosynthetic process [GO:0016104]
A0AAW1NHX6,saponin biosynthetic process [GO:0016135]; triterpenoid biosynthetic process [GO:0016104]
A0QT90,base-excision repair [GO:0006284]
A0QVQ9,response to amino acid [GO:0043200]
A1L1L6,cellular homeostasis [GO:0019725]; establishment of mitochondrion localization by microtubule attachment [GO:0034640]; mitochondrial outer membrane permeabilization [GO:0097345]; mitochondrion transport along microtubule [GO:0047497]; regulation of mitochondrion organization [GO:0010821]; regulation of neurotransmitter secretion [GO:0046928]; regulation of organelle transport along microtubule [GO:1902513]
A1Z830,rRNA modification [GO:0000154]
A1ZB29,dTDP biosynthetic process [GO:0006233]; dTTP biosynthetic process [GO:0006235]; dUDP biosynthetic process [GO:0006227]
A2A5N3,chromatin remodeling [GO:0006338]; cytosolic mRNA polyadenylation [GO:0180011]; nucleus localization [GO:0051647]; oocyte maturation [GO:0001556]; transcription initiation-coupled chromatin remodeling [GO:0045815]
A2QQU4,small molecule biosynthetic process [GO:0044283]
A2QQU8,positive regulation of metabolic process [GO:0009893]
A2QQU9,biosynthetic process [GO:0009058]
A2QQV0,fatty acid biosynthetic process [GO:0006633]; methylation [GO:0032259]; secondary metabolic process [GO:0019748]; toxin biosynthetic process [GO:0009403]
A3C5V6,flavonoid biosynthetic process [GO:0009813]; pollen wall assembly [GO:0010208]; polyketide biosynthetic process [GO:0030639]
A3FMN3,apoptotic DNA fragmentation [GO:0006309]; digestive system process [GO:0022600]
A3KQ86,digestive tract morphogenesis [GO:0048546]; endocytosis [GO:0006897]; myelination [GO:0042552]; regulation of endocytosis [GO:0030100]
A3MTR6,carbohydrate derivative metabolic process [GO:1901135]; carbohydrate metabolic process [GO:0005975]
A5K264,amino acid biosynthetic process [GO:0008652]; aromatic amino acid family biosynthetic process [GO:0009073]; chorismate biosynthetic process [GO:0009423]
A6IPG1,response to ethanol [GO:0045471]
A6TGC5,"DNA recombination [GO:0006310]; DNA replication initiation [GO:0006270]; DNA replication, synthesis of primer [GO:0006269]; double-strand break repair [GO:0006302]"
A6TGW7,DNA recombination [GO:0006310]; DNA repair [GO:0006281]; DNA replication [GO:0006260]
A6THB2,DNA replication [GO:0006260]
A7BJ45,suppression of blood coagulation in another organism [GO:0035899]; symbiont-mediated perturbation of host defenses [GO:0030682]
A7BJ46,suppression of blood coagulation in another organism [GO:0035899]; symbiont-mediated perturbation of host defenses [GO:0030682]
A7GKX6,polysaccharide biosynthetic process [GO:0000271]
A7GKX7,D-xylose metabolic process [GO:0042732]
A8JUV4,dorsal/ventral axis specification [GO:0009950]; vitelline membrane formation involved in chorion-containing eggshell formation [GO:0007305]
A8M6W3,amino acid activation for nonribosomal peptide biosynthetic process [GO:0043041]; lipid biosynthetic process [GO:0008610]; toxin biosynthetic process [GO:0009403]
A8M6W6,alkaloid metabolic process [GO:0009820]
B0BNF8,angiogenesis [GO:0001525]; import into nucleus [GO:0051170]; positive regulation of programmed cell death [GO:0043068]; positive regulation of transcription by RNA polymerase II [GO:0045944]; regulation of angiogenesis [GO:0045765]
B0I564,DNA repair [GO:0006281]
B0WQ10,apoptotic DNA fragmentation [GO:0006309]
B0XAA1,carbohydrate metabolic process [GO:0005975]
B1ARY8,determination of left/right symmetry [GO:0007368]; heart development [GO:0007507]
B4ER92,antibiotic biosynthetic process [GO:0017000]; fatty acid biosynthetic process [GO:0006633]; secondary metabolite biosynthetic process [GO:0044550]
B4ER95,antibiotic biosynthetic process [GO:0017000]; fatty acid biosynthetic process [GO:0006633]; secondary metabolite biosynthetic process [GO:0044550]
B4ER96,fatty acid biosynthetic process [GO:0006633]; macrolide biosynthetic process [GO:0033068]
B4ER97,fatty acid biosynthetic process [GO:0006633]; macrolide biosynthetic process [GO:0033068]
B6ZKM3,glucan catabolic process [GO:0009251]; isoquinoline alkaloid biosynthetic process [GO:0033075]
B6ZKM4,glucan catabolic process [GO:0009251]; isoquinoline alkaloid biosynthetic process [GO:0033075]
B6ZKM5,glucan catabolic process [GO:0009251]; isoquinoline alkaloid biosynthetic process [GO:0033075]
B6ZKN1,glucan catabolic process [GO:0009251]; isoquinoline alkaloid biosynthetic process [GO:0033075]
B7R4L8,rRNA acetylation involved in maturation of SSU-rRNA [GO:1904812]; tRNA acetylation [GO:0051391]; tRNA wobble cytosine modification [GO:0002101]
B8JI67,sperm-egg recognition [GO:0035036]
B8NLZ3,negative regulation of protein targeting to mitochondrion [GO:1903215]
B9ZUK6,antibiotic biosynthetic process [GO:0017000]; lactate catabolic process [GO:1903457]
C0HMB8,defense response [GO:0006952]
C0HMB9,defense response [GO:0006952]
C0HMC0,defense response [GO:0006952]
C0HMC1,defense response [GO:0006952]
C0HMC2,defense response [GO:0006952]
C3W5S0,cap snatching [GO:0075526]; DNA-templated transcription [GO:0006351]; symbiont-mediated suppression of host gene expression [GO:0039657]; symbiont-mediated suppression of host mRNA transcription via inhibition of RNA polymerase II activity [GO:0039523]; viral RNA genome replication [GO:0039694]; viral translational frameshifting [GO:0075523]
C5E4D9,cytoplasmic translational elongation [GO:0002182]
C6KT66,amino acid biosynthetic process [GO:0008652]; aromatic amino acid family biosynthetic process [GO:0009073]; chorismate biosynthetic process [GO:0009423]
C6SZ50,"coenzyme A biosynthetic process [GO:0015937]; photoperiodism, flowering [GO:0048573]; positive regulation of response to salt stress [GO:1901002]; response to abscisic acid [GO:0009737]; response to cold [GO:0009409]; response to lithium ion [GO:0010226]; response to salt [GO:1902074]; response to sorbitol [GO:0072708]"
C6TA59,"coenzyme A biosynthetic process [GO:0015937]; photoperiodism, flowering [GO:0048573]; positive regulation of response to salt stress [GO:1901002]; response to abscisic acid [GO:0009737]; response to cold [GO:0009409]; response to lithium ion [GO:0010226]; response to salt [GO:1902074]; response to sorbitol [GO:0072708]"
C7M8J5,alpha-amino acid metabolic process [GO:1901605]
C7M8J6,biosynthetic process [GO:0009058]
D1A230,response to cadmium ion [GO:0046686]
D1FQ14,suppression of platelet aggregation in another organism [GO:0035893]
D1MWE7,suppression of blood coagulation in another organism [GO:0035899]; symbiont-mediated perturbation of host defenses [GO:0030682]
D2VS83,microtubule cytoskeleton organization [GO:0000226]
D3KY98,isoquinoline alkaloid biosynthetic process [GO:0033075]; methylation [GO:0032259]
D3KY99,isoquinoline alkaloid biosynthetic process [GO:0033075]; methylation [GO:0032259]
D3KYA0,isoquinoline alkaloid biosynthetic process [GO:0033075]; methylation [GO:0032259]
D3TS87,apoptotic DNA fragmentation [GO:0006309]
D3YXF5,"complement activation, classical pathway [GO:0006958]; innate immune response [GO:0045087]; killing of cells of another organism [GO:0031640]; positive regulation of immune response [GO:0050778]"
D3ZX63,fusion of sperm to egg plasma membrane involved in single fertilization [GO:0007342]; negative regulation of receptor internalization [GO:0002091]; regulation of epidermal growth factor receptor signaling pathway [GO:0042058]; regulation of MAPK cascade [GO:0043408]; single fertilization [GO:0007338]
D4A4L4,axon development [GO:0061564]; microtubule cytoskeleton organization [GO:0000226]
D4GVA8,double-strand break repair [GO:0006302]
D4QD81,venom-mediated fibrinogenolysis in another organism [GO:0044485]; venom-mediated fibrinolysis [GO:0044484]
D8QZ31,fatty acid biosynthetic process [GO:0006633]; oxylipin biosynthetic process [GO:0031408]
D8S724,fatty acid biosynthetic process [GO:0006633]; oxylipin biosynthetic process [GO:0031408]
E0CZ22,lysosome fission [GO:0170064]
E0D202,antibiotic biosynthetic process [GO:0017000]; fatty acid biosynthetic process [GO:0006633]; secondary metabolite biosynthetic process [GO:0044550]
E0D203,fatty acid biosynthetic process [GO:0006633]; macrolide biosynthetic process [GO:0033068]
E0D204,fatty acid biosynthetic process [GO:0006633]; macrolide biosynthetic process [GO:0033068]
E0D205,fatty acid biosynthetic process [GO:0006633]; macrolide biosynthetic process [GO:0033068]
E0D206,fatty acid biosynthetic process [GO:0006633]; macrolide biosynthetic process [GO:0033068]; phenol-containing compound biosynthetic process [GO:0046189]; toxin biosynthetic process [GO:0009403]
E0D207,antibiotic biosynthetic process [GO:0017000]
E0D208,antibiotic biosynthetic process [GO:0017000]; methylation [GO:0032259]
E0D209,antibiotic biosynthetic process [GO:0017000]; regulation of DNA-templated transcription [GO:0006355]
E0N688,cell wall organization [GO:0071555]; proteolysis [GO:0006508]
E1B8U2,"regulation of alternative mRNA splicing, via spliceosome [GO:0000381]; tRNA methylation [GO:0030488]"
E1BMV3,extracellular matrix organization [GO:0030198]; growth plate cartilage chondrocyte morphogenesis [GO:0003429]; regulation of bone mineralization [GO:0030500]
E1BN00,potassium ion import across plasma membrane [GO:1990573]; regulation of monoatomic ion transmembrane transport [GO:0034765]
E6Y8B9,proteolysis [GO:0006508]
E7FEL0,adenylate cyclase-activating G protein-coupled receptor signaling pathway [GO:0007189]; cellular response to acidic pH [GO:0071468]; G protein-coupled receptor signaling pathway [GO:0007186]; response to acidic pH [GO:0010447]
E7FL15,isoquinoline alkaloid biosynthetic process [GO:0033075]; methylation [GO:0032259]
E9Q368,tRNA methylation [GO:0030488]
E9Q3D4,L-fucose catabolic process [GO:0042355]
E9Q3G8,amyloid fibril formation [GO:1990000]; negative regulation of RNA export from nucleus [GO:0046832]; nuclear pore complex assembly [GO:0051292]; nucleocytoplasmic transport [GO:0006913]
E9Q6D8,"complement activation, classical pathway [GO:0006958]; in utero embryonic development [GO:0001701]; innate immune response [GO:0045087]; killing of cells of another organism [GO:0031640]; positive regulation of immune response [GO:0050778]"
F1M928,cell adhesion [GO:0007155]; fusion of sperm to egg plasma membrane involved in single fertilization [GO:0007342]; single fertilization [GO:0007338]; sperm-egg recognition [GO:0035036]
F4JP43,cell wall organization [GO:0071555]; regulation of gene expression [GO:0010468]; regulation of meristem structural organization [GO:0009934]; regulation of root development [GO:2000280]; response to salt stress [GO:0009651]
F6K5S6,defense response to bacterium [GO:0042742]
F6K6F3,defense response to bacterium [GO:0042742]
F8AME3,heme biosynthetic process [GO:0006783]; lipid metabolic process [GO:0006629]
F8V2V0,negative stranded viral RNA replication [GO:0039689]; negative stranded viral RNA transcription [GO:0039697]
G0RBE3,intrinsic apoptotic signaling pathway in response to endoplasmic reticulum stress [GO:0070059]; IRE1-mediated unfolded protein response [GO:0036498]; mRNA processing [GO:0006397]
G0S1P8,cell redox homeostasis [GO:0045454]; cellular response to oxidative stress [GO:0034599]; hydrogen peroxide catabolic process [GO:0042744]
G0S5S6,protein import into nucleus [GO:0006606]; ribosomal large subunit biogenesis [GO:0042273]
G0SCH6,ribosome biogenesis [GO:0042254]
G0SE11,protein urmylation [GO:0032447]; tRNA thio-modification [GO:0034227]; tRNA wobble uridine modification [GO:0002098]
G0SEG2,ribosomal large subunit assembly [GO:0000027]; translation [GO:0006412]
G0SF80,"maturation of LSU-rRNA from tricistronic rRNA transcript (SSU-rRNA, 5.8S rRNA, LSU-rRNA) [GO:0000463]; ribosomal large subunit assembly [GO:0000027]"
G0SHQ2,translation [GO:0006412]
G1X456,adenylate cyclase-activating glucose-activated G protein-coupled receptor signaling pathway [GO:0010619]; negative regulation of gluconeogenesis [GO:0045721]; negative regulation of induction of conjugation with cellular fusion [GO:0010515]; negative regulation of transcription by RNA polymerase II [GO:0000122]; positive regulation of protein export from nucleus [GO:0046827]
G1X9A9,regulation of transcription by RNA polymerase II [GO:0006357]
G1X9E2,adenylate cyclase-activating G protein-coupled receptor signaling pathway [GO:0007189]; cell surface receptor signaling pathway [GO:0007166]
G1XJN1,adenylate cyclase-activating G protein-coupled receptor signaling pathway [GO:0007189]; cell surface receptor signaling pathway [GO:0007166]
G1XJZ0,adenylate cyclase-activating G protein-coupled receptor signaling pathway [GO:0007189]
G1XJZ4,stress-activated MAPK cascade [GO:0051403]
G1XLI4,phosphorelay signal transduction system [GO:0000160]
G2WWH6,regulation of Rab protein signal transduction [GO:0032483]
G2X0L1,xylan catabolic process [GO:0045493]
G2X3G1,phosphorelay signal transduction system [GO:0000160]
G2X4G1,xylan catabolic process [GO:0045493]
G2X5X8,xylan catabolic process [GO:0045493]
G2X8M4,xylan catabolic process [GO:0045493]
G4MRQ6,"mRNA splicing, via spliceosome [GO:0000398]; regulation of alternative mRNA splicing, via spliceosome [GO:0000381]"
G4MSY9,methylation [GO:0032259]
G4MZ21,DNA repair [GO:0006281]
G4N954,fatty acid beta-oxidation [GO:0006635]
G4NBR8,regulation of transcription by RNA polymerase II [GO:0006357]
G4NCP4,fatty acid beta-oxidation [GO:0006635]
G7IFI7,L-histidine biosynthetic process [GO:0000105]
G7LCC3,cytokinin-activated signaling pathway [GO:0009736]
G8JYB2,cell adhesion [GO:0007155]; regulation of locomotion [GO:0040012]; Rho protein signal transduction [GO:0007266]
H9C181,symbiont-mediated suppression of host innate immune response [GO:0052170]
I0AIT9,carbohydrate metabolic process [GO:0005975]
I1RQE2,regulation of Rab protein signal transduction [GO:0032483]
I1SSI6,SCF-dependent proteasomal ubiquitin-dependent protein catabolic process [GO:0031146]
I6YBQ3,response to amino acid [GO:0043200]
I7MD46,exocytosis [GO:0006887]
J9VI85,threonine biosynthetic process [GO:0009088]
J9VIL4,calcium ion import across plasma membrane [GO:0098703]
J9VIY8,'de novo' L-methionine biosynthetic process [GO:0071266]; homoserine metabolic process [GO:0009092]
J9VQZ9,protein localization to plasma membrane [GO:0072659]
J9VS37,'de novo' L-methionine biosynthetic process [GO:0071266]; homoserine biosynthetic process [GO:0009090]; lysine biosynthetic process via diaminopimelate [GO:0009089]; threonine biosynthetic process [GO:0009088]
J9VTB0,calcium ion import across plasma membrane [GO:0098703]
J9VU26,threonine biosynthetic process [GO:0009088]
K8ERU3,lysosome fission [GO:0170064]
K9GHZ3,xylan catabolic process [GO:0045493]
L0MZ37,suppression of blood coagulation in another organism [GO:0035899]
L0MZ46,suppression of blood coagulation in another organism [GO:0035899]; suppression of platelet aggregation in another organism [GO:0035893]
M2T5U2,phosphorelay signal transduction system [GO:0000160]
M4MEY9,polysaccharide catabolic process [GO:0000272]
M4MGK7,xylan catabolic process [GO:0045493]
M4MLB5,xylan catabolic process [GO:0045493]
M9PH32,gamete generation [GO:0007276]; germ cell development [GO:0007281]; meiotic cell cycle [GO:0051321]; protein ubiquitination [GO:0016567]; regulation of macromolecule metabolic process [GO:0060255]; spermatogenesis [GO:0007283]
O05858,regulation of DNA-templated transcription [GO:0006355]
O05910,regulation of DNA-templated transcription [GO:0006355]
O16224,antibacterial innate immune response [GO:0140367]; defense response to Gram-negative bacterium [GO:0050829]; innate immune response [GO:0045087]
O16327,antibacterial innate immune response [GO:0140367]; defense response to Gram-negative bacterium [GO:0050829]; innate immune response [GO:0045087]
O17899,cellular response to hormone stimulus [GO:0032870]; G protein-coupled receptor signaling pathway [GO:0007186]
O33321,response to amino acid [GO:0043200]
O64191,symbiont-mediated suppression of host innate immune response [GO:0052170]
O96161,iron-sulfur cluster assembly [GO:0016226]
O96533,cellular response to ionizing radiation [GO:0071479]; DNA repair [GO:0006281]; DNA replication checkpoint signaling [GO:0000076]; mitotic intra-S DNA damage checkpoint signaling [GO:0031573]
O97297,iron-sulfur cluster assembly [GO:0016226]
P0DRE0,killing of cells of another organism [GO:0031640]
P0DRE1,killing of cells of another organism [GO:0031640]
P0DRE5,killing of cells of another organism [GO:0031640]
P0DRE6,killing of cells of another organism [GO:0031640]
P0DRE7,killing of cells of another organism [GO:0031640]
P0DRE9,killing of cells of another organism [GO:0031640]
P0DRF0,killing of cells of another organism [GO:0031640]
P0DRF1,killing of cells of another organism [GO:0031640]
P0DRF2,killing of cells of another organism [GO:0031640]
P0DRF4,killing of cells of another organism [GO:0031640]
P0DRF5,killing of cells of another organism [GO:0031640]
P0DRF6,killing of cells of another organism [GO:0031640]
P0DRH3,defense response to bacterium [GO:0042742]; defense response to fungus [GO:0050832]; killing of cells of another organism [GO:0031640]
P0DRH4,defense response to bacterium [GO:0042742]; defense response to fungus [GO:0050832]; killing of cells of another organism [GO:0031640]
P0DRH5,defense response to bacterium [GO:0042742]; defense response to fungus [GO:0050832]; killing of cells of another organism [GO:0031640]
P0DRH6,defense response to bacterium [GO:0042742]; defense response to fungus [GO:0050832]; killing of cells of another organism [GO:0031640]
P0DXG8,daunorubicin transport [GO:0043215]; doxorubicin transport [GO:1900753]; response to antibiotic [GO:0046677]
P0DXI6,response to strigolactone [GO:1902347]
P0DXN8,defense response to virus [GO:0051607]
P0DXU4,response to antibiotic [GO:0046677]
P0DXU5,daunorubicin transport [GO:0043215]; doxorubicin transport [GO:1900753]; response to antibiotic [GO:0046677]
P0DXU6,response to antibiotic [GO:0046677]
P0DXU7,daunorubicin transport [GO:0043215]; doxorubicin transport [GO:1900753]; response to antibiotic [GO:0046677]
P0DXU8,response to antibiotic [GO:0046677]
P0DXU9,sterol biosynthetic process [GO:0016126]
P0DXV0,sterol biosynthetic process [GO:0016126]
P0DXV1,methylation [GO:0032259]
P0DXV2,methylation [GO:0032259]
P0DXV3,amino acid activation for nonribosomal peptide biosynthetic process [GO:0043041]; secondary metabolite biosynthetic process [GO:0044550]
P0DXV4,amino acid activation for nonribosomal peptide biosynthetic process [GO:0043041]; secondary metabolite biosynthetic process [GO:0044550]
P0DXV7,fatty acid biosynthetic process [GO:0006633]; methylation [GO:0032259]; secondary metabolite biosynthetic process [GO:0044550]
P0DXV8,fatty acid biosynthetic process [GO:0006633]; methylation [GO:0032259]; secondary metabolite biosynthetic process [GO:0044550]
P0DXX4,regulation of DNA-templated transcription [GO:0006355]
P0DXX5,regulation of translation [GO:0006417]
P0DXX6,response to antibiotic [GO:0046677]
P0DXY9,negative regulation of DNA-templated transcription [GO:0045892]
P0DXZ6,arachidonate secretion [GO:0050482]; lipid catabolic process [GO:0016042]; phospholipid metabolic process [GO:0006644]
P0DY04,defense response to bacterium [GO:0042742]; defense response to fungus [GO:0050832]; killing of cells of another organism [GO:0031640]; regulation of blood pressure [GO:0008217]
P71888,response to amino acid [GO:0043200]
P96277,symbiont-mediated perturbation of host innate immune response [GO:0052167]
P96857,regulation of DNA-templated transcription [GO:0006355]
P9WEJ4,mitophagy [GO:0000423]
Q059A4,mitochondrial respiratory chain complex I assembly [GO:0032981]
Q0CPG6,secondary metabolic process [GO:0019748]
Q0CPG8,sesquiterpenoid biosynthetic process [GO:0016106]
Q0CPG9,isoleucine biosynthetic process [GO:0009097]; L-valine biosynthetic process [GO:0009099]
Q10SS2,pollen wall assembly [GO:0010208]
Q177W0,regulation of defense response to virus [GO:0050688]
Q17NR1,antibacterial humoral response [GO:0019731]; defense response to Gram-negative bacterium [GO:0050829]; defense response to Gram-positive bacterium [GO:0050830]; innate immune response [GO:0045087]
Q17NR4,antibacterial humoral response [GO:0019731]; defense response to Gram-negative bacterium [GO:0050829]; defense response to Gram-positive bacterium [GO:0050830]; innate immune response [GO:0045087]
Q1LZ24,chromatin organization [GO:0006325]; positive regulation of transcription by RNA polymerase II [GO:0045944]
Q1MWN4,amino acid activation for nonribosomal peptide biosynthetic process [GO:0043041]; antibiotic biosynthetic process [GO:0017000]; secondary metabolite biosynthetic process [GO:0044550]
Q1PA41,exocytosis [GO:0006887]
Q22HI5,exocytosis [GO:0006887]
Q239Y2,exocytosis [GO:0006887]; plasma membrane organization [GO:0007009]
Q2PAY2,mitotic DNA damage checkpoint signaling [GO:0044773]
Q2R560,chloroplast organization [GO:0009658]; regulation of leaf senescence [GO:1900055]; regulation of reactive oxygen species metabolic process [GO:2000377]
Q2TR58,antibiotic catabolic process [GO:0017001]; cell wall organization [GO:0071555]; response to antibiotic [GO:0046677]
Q2TXQ1,methylation [GO:0032259]; polyketide biosynthetic process [GO:0030639]
Q2TXQ7,aflatoxin biosynthetic process [GO:0045122]; polyketide biosynthetic process [GO:0030639]; positive regulation of secondary metabolite biosynthetic process [GO:1900378]
Q2TXQ8,fatty acid biosynthetic process [GO:0006633]; phenol-containing compound biosynthetic process [GO:0046189]; polyketide biosynthetic process [GO:0030639]; toxin biosynthetic process [GO:0009403]
Q2TXQ9,methylation [GO:0032259]; polyketide biosynthetic process [GO:0030639]
Q2WE96,oxylipin biosynthetic process [GO:0031408]; sterol metabolic process [GO:0016125]
Q31P89,DNA replication initiation [GO:0006270]; regulation of DNA replication [GO:0006275]
Q3J189,carotenoid biosynthetic process [GO:0016117]
Q47720,cell wall organization [GO:0071555]; peptidoglycan biosynthetic process [GO:0009252]; regulation of cell shape [GO:0008360]
Q4J8Q7,biosynthetic process [GO:0009058]
Q4J8R2,"base-excision repair, AP site formation [GO:0006285]"
Q4WD22,carbohydrate metabolic process [GO:0005975]; cell wall organization [GO:0071555]
Q4WMW2,carbohydrate metabolic process [GO:0005975]; chitin metabolic process [GO:0006030]; fungal-type cell wall organization [GO:0031505]
Q4WTH5,cellular response to osmotic stress [GO:0071470]; fungal-type cell wall organization [GO:0031505]; protein dephosphorylation [GO:0006470]; signal transduction [GO:0007165]
Q4WWR8,'de novo' L-methionine biosynthetic process [GO:0071266]; homoserine biosynthetic process [GO:0009090]; methionine biosynthetic process [GO:0009086]; threonine biosynthetic process [GO:0009088]
Q4WXE6,carbohydrate metabolic process [GO:0005975]
Q4WXF4,glycine biosynthetic process from serine [GO:0019264]; tetrahydrofolate interconversion [GO:0035999]; tetrahydrofolate metabolic process [GO:0046653]
Q53AM4,fusion of virus membrane with host endosome membrane [GO:0039654]; proteolysis [GO:0006508]; symbiont entry into host cell [GO:0046718]; virion attachment to host cell [GO:0019062]
Q584D1,cardiolipin biosynthetic process [GO:0032049]; inner mitochondrial membrane organization [GO:0007007]; mitochondrial cytochrome c oxidase assembly [GO:0033617]; mitochondrial respiratory chain complex assembly [GO:0033108]; mitochondrial respiratory chain complex III assembly [GO:0034551]; mitochondrion organization [GO:0007005]; oxidative phosphorylation [GO:0006119]
Q58T34,GDP-L-fucose salvage [GO:0042352]
Q59I63,adenylate cyclase-activating G protein-coupled receptor signaling pathway [GO:0007189]; cell surface receptor signaling pathway [GO:0007166]; myelination of posterior lateral line nerve axons [GO:0048932]; oligodendrocyte development [GO:0014003]; peripheral nervous system myelin maintenance [GO:0032287]; regulation of oligodendrocyte progenitor proliferation [GO:0070445]; Rho-activating G protein-coupled receptor signaling pathway [GO:0160221]; swimming behavior [GO:0036269]
Q5ALM0,homoserine biosynthetic process [GO:0009090]; lysine biosynthetic process via diaminopimelate [GO:0009089]; methionine biosynthetic process [GO:0009086]; threonine biosynthetic process [GO:0009088]
Q5AY39,fatty acid biosynthetic process [GO:0006633]; methylation [GO:0032259]; polyketide biosynthetic process [GO:0030639]; secondary metabolic process [GO:0019748]; secondary metabolite biosynthetic process [GO:0044550]
Q5AY40,regulation of DNA-templated transcription [GO:0006355]
Q5AY42,DNA-templated transcription [GO:0006351]
Q5EP34,cap snatching [GO:0075526]; DNA-templated transcription [GO:0006351]; symbiont-mediated suppression of host gene expression [GO:0039657]; symbiont-mediated suppression of host mRNA transcription via inhibition of RNA polymerase II activity [GO:0039523]; viral RNA genome replication [GO:0039694]; viral translational frameshifting [GO:0075523]
Q5F676,cell wall organization [GO:0071555]; proteolysis [GO:0006508]
Q5F6V8,"DNA recombination [GO:0006310]; DNA replication initiation [GO:0006270]; DNA replication, synthesis of primer [GO:0006269]; double-strand break repair [GO:0006302]"
Q5F9Y4,proteolysis [GO:0006508]
Q5JE51,translation [GO:0006412]
Q5JGN5,ribosomal small subunit assembly [GO:0000028]; translation [GO:0006412]
Q5JHC6,rRNA acetylation [GO:1990882]; rRNA acetylation involved in maturation of SSU-rRNA [GO:1904812]; tRNA acetylation [GO:0051391]; tRNA wobble cytosine modification [GO:0002101]
Q5JIV0,cytosolic ribosome assembly [GO:0042256]
Q5JJG6,translation [GO:0006412]
Q5KIM6,cytoplasmic translational elongation [GO:0002182]
Q5KPK7,'de novo' L-methionine biosynthetic process [GO:0071266]; homoserine biosynthetic process [GO:0009090]; lysine biosynthetic process via diaminopimelate [GO:0009089]; methionine biosynthetic process [GO:0009086]; threonine biosynthetic process [GO:0009088]
Q5SC47,symbiont-mediated suppression of host cytoplasmic pattern recognition receptor signaling pathway via inhibition of MDA-5 activity [GO:0039554]; symbiont-mediated suppression of host type I interferon-mediated signaling pathway [GO:0039502]
Q5SC51,symbiont entry into host cell [GO:0046718]; virion attachment to host cell [GO:0019062]
Q5SC53,fusion of virus membrane with host plasma membrane [GO:0019064]; symbiont entry into host cell [GO:0046718]
Q5SC54,virion assembly [GO:0019068]
Q5TVM9,AMP catabolic process [GO:0006196]; digestive system process [GO:0022600]; host-mediated perturbation of symbiont process [GO:0051851]; modulation of process of another organism [GO:0035821]; suppression of platelet aggregation in another organism [GO:0035893]; venom-mediated fibrinolysis [GO:0044484]
Q5U117,compound eye morphogenesis [GO:0001745]; fatty acid beta-oxidation [GO:0006635]; lipid homeostasis [GO:0055088]; medium-chain fatty acid catabolic process [GO:0051793]; mitochondrial respiratory chain complex I assembly [GO:0032981]; negative regulation of cellular response to oxidative stress [GO:1900408]; response to endoplasmic reticulum stress [GO:0034976]; sexual reproduction [GO:0019953]
Q68Y81,DNA repair [GO:0006281]
Q6NP91,detection of humidity stimulus involved in sensory perception [GO:0098512]; lysosome organization [GO:0007040]; mechanosensory behavior [GO:0007638]; monoatomic cation transmembrane transport [GO:0098655]; monoatomic cation transport [GO:0006812]; monoatomic ion transmembrane transport [GO:0034220]; regulation of response to food [GO:0032095]
Q6XEC0,antibiotic catabolic process [GO:0017001]; cell wall organization [GO:0071555]; response to antibiotic [GO:0046677]
Q6ZI01,protein folding [GO:0006457]
Q70KH3,antibiotic biosynthetic process [GO:0017000]; methylation [GO:0032259]
Q70KH6,antibiotic biosynthetic process [GO:0017000]
Q7DDD9,regulation of DNA-templated transcription [GO:0006355]
Q7K6A5,transmembrane transport [GO:0055085]
Q7PYT9,carbohydrate metabolic process [GO:0005975]
Q7TQN4,animal organ morphogenesis [GO:0009887]; antiviral innate immune response [GO:0140374]; canonical NF-kappaB signal transduction [GO:0007249]; cellular response to angiotensin [GO:1904385]; cellular response to hepatocyte growth factor stimulus [GO:0035729]; cellular response to hydrogen peroxide [GO:0070301]; cellular response to interleukin-1 [GO:0071347]; cellular response to interleukin-6 [GO:0071354]; cellular response to lipopolysaccharide [GO:0071222]; cellular response to lipoteichoic acid [GO:0071223]; cellular response to nicotine [GO:0071316]; cellular response to peptidoglycan [GO:0071224]; cellular response to tumor necrosis factor [GO:0071356]; chromatin organization [GO:0006325]; cytokine-mediated signaling pathway [GO:0019221]; defense response [GO:0006952]; defense response to tumor cell [GO:0002357]; DNA-templated transcription [GO:0006351]; hair follicle development [GO:0001942]; inflammatory response [GO:0006954]; innate immune response [GO:0045087]; interleukin-1-mediated signaling pathway [GO:0070498]; intracellular signal transduction [GO:0035556]; liver development [GO:0001889]; negative regulation of angiogenesis [GO:0016525]; negative regulation of apoptotic process [GO:0043066]; negative regulation of cytokine production involved in inflammatory response [GO:1900016]; negative regulation of DNA-templated transcription [GO:0045892]; negative regulation of extrinsic apoptotic signaling pathway [GO:2001237]; negative regulation of insulin receptor signaling pathway [GO:0046627]; negative regulation of miRNA transcription [GO:1902894]; negative regulation of non-canonical NF-kappaB signal transduction [GO:1901223]; negative regulation of protein catabolic process [GO:0042177]; negative regulation of protein sumoylation [GO:0033234]; negative regulation of transcription by RNA polymerase II [GO:0000122]; neuropeptide signaling pathway [GO:0007218]; non-canonical NF-kappaB signal transduction [GO:0038061]; nucleotide-binding oligomerization domain containing 2 signaling pathway [GO:0070431]; positive regulation of amyloid-beta formation [GO:1902004]; positive regulation of canonical NF-kappaB signal transduction [GO:0043123]; positive regulation of cell population proliferation [GO:0008284]; positive regulation of DNA-templated transcription [GO:0045893]; positive regulation of gene expression [GO:0010628]; positive regulation of interleukin-1 beta production [GO:0032731]; positive regulation of interleukin-12 production [GO:0032735]; positive regulation of interleukin-6 production [GO:0032755]; positive regulation of interleukin-8 production [GO:0032757]; positive regulation of leukocyte adhesion to vascular endothelial cell [GO:1904996]; positive regulation of miRNA metabolic process [GO:2000630]; positive regulation of miRNA transcription [GO:1902895]; positive regulation of non-canonical NF-kappaB signal transduction [GO:1901224]; positive regulation of Schwann cell differentiation [GO:0014040]; positive regulation of T cell receptor signaling pathway [GO:0050862]; positive regulation of transcription by RNA polymerase II [GO:0045944]; positive regulation of vascular endothelial growth factor production [GO:0010575]; postsynapse to nucleus signaling pathway [GO:0099527]; prolactin signaling pathway [GO:0038161]; protein catabolic process [GO:0030163]; regulation of DNA-templated transcription [GO:0006355]; regulation of inflammatory response [GO:0050727]; regulation of transcription by RNA polymerase II [GO:0006357]; response to amino acid [GO:0043200]; response to bacterium [GO:0009617]; response to cAMP [GO:0051591]; response to cobalamin [GO:0033590]; response to cytokine [GO:0034097]; response to ethanol [GO:0045471]; response to hydrogen peroxide [GO:0042542]; response to insulin [GO:0032868]; response to interleukin-1 [GO:0070555]; response to ischemia [GO:0002931]; response to lipopolysaccharide [GO:0032496]; response to mechanical stimulus [GO:0009612]; response to morphine [GO:0043278]; response to muramyl dipeptide [GO:0032495]; response to muscle stretch [GO:0035994]; response to progesterone [GO:0032570]; response to UV-B [GO:0010224]; response to xenobiotic stimulus [GO:0009410]; signal transduction involved in regulation of gene expression [GO:0023019]; toll-like receptor 4 signaling pathway [GO:0034142]; toll-like receptor TLR6:TLR2 signaling pathway [GO:0038124]; tumor necrosis factor-mediated signaling pathway [GO:0033209]; vascular endothelial growth factor signaling pathway [GO:0038084]
Q83XP3,antibiotic biosynthetic process [GO:0017000]; methylation [GO:0032259]
Q83YH3,carotenoid biosynthetic process [GO:0016117]
Q8CWM9,DNA recombination [GO:0006310]; DNA replication [GO:0006260]; DNA replication initiation [GO:0006270]; double-strand break repair [GO:0006302]
Q8H305,flavonoid biosynthetic process [GO:0009813]; pollen wall assembly [GO:0010208]; polyketide biosynthetic process [GO:0030639]; sporopollenin biosynthetic process [GO:0080110]
Q8I397,iron import into the mitochondrion [GO:0048250]
Q8I3M7,iron ion transmembrane transport [GO:0034755]; manganese ion transport [GO:0006828]
Q8I4Z1,exocytosis [GO:0006887]; symbiont entry into host [GO:0044409]
Q8IBI5,cysteine metabolic process [GO:0006534]; iron-sulfur cluster assembly [GO:0016226]
Q8IDH9,transmembrane transport [GO:0055085]
Q8IEK7,iron-sulfur cluster assembly [GO:0016226]
Q8IIR7,intracellular protein transport [GO:0006886]
Q8IJI1,zinc ion transmembrane transport [GO:0071577]
Q8IKT4,intracellular iron ion homeostasis [GO:0006879]; iron-sulfur cluster assembly [GO:0016226]
Q8IP99,regulation of transcription by RNA polymerase II [GO:0006357]
Q8IPA1,regulation of transcription by RNA polymerase II [GO:0006357]
Q8IPZ3,ubiquinone biosynthetic process [GO:0006744]
Q8IQA2,male germline stem cell symmetric division [GO:0098730]; negative regulation of translation [GO:0017148]
Q8KN66,cell wall organization [GO:0071555]; lipopolysaccharide biosynthetic process [GO:0009103]
Q8LDU1,heme catabolic process [GO:0042167]; tetrapyrrole biosynthetic process [GO:0033014]
Q8MVC4,envenomation resulting in negative regulation of voltage-gated potassium channel activity in another organism [GO:0044562]
Q8QV65,symbiont entry into host cell [GO:0046718]; virion attachment to host cell [GO:0019062]
Q8QV69,symbiont-mediated suppression of host cytoplasmic pattern recognition receptor signaling pathway via inhibition of MDA-5 activity [GO:0039554]; symbiont-mediated suppression of host type I interferon-mediated signaling pathway [GO:0039502]
Q8U3G4,rRNA acetylation involved in maturation of SSU-rRNA [GO:1904812]; tRNA acetylation [GO:0051391]; tRNA wobble cytosine modification [GO:0002101]
Q8XAN6,biological process involved in symbiotic interaction [GO:0044403]
Q8ZL97,regulation of DNA-templated transcription [GO:0006355]
Q90YL6,cartilage development [GO:0051216]; digestive tract development [GO:0048565]; exocrine pancreas development [GO:0031017]; hepatoblast differentiation [GO:0061017]; hormone-mediated signaling pathway [GO:0009755]; liver development [GO:0001889]; positive regulation of tendon cell differentiation [GO:2001051]; regulation of DNA-templated transcription [GO:0006355]; regulation of transcription by RNA polymerase II [GO:0006357]; somatic stem cell population maintenance [GO:0035019]; tissue development [GO:0009888]
Q95P65,AMP catabolic process [GO:0006196]; suppression of platelet aggregation in another organism [GO:0035893]
Q97U12,rRNA acetylation involved in maturation of SSU-rRNA [GO:1904812]; tRNA acetylation [GO:0051391]; tRNA wobble cytosine modification [GO:0002101]
Q97ZJ8,DNA recombination [GO:0006310]; DNA repair [GO:0006281]; DNA topological change [GO:0006265]
Q980C5,rRNA acetylation involved in maturation of SSU-rRNA [GO:1904812]; tRNA acetylation [GO:0051391]; tRNA wobble cytosine modification [GO:0002101]
Q9CPU3,single fertilization [GO:0007338]
Q9CZP3,negative regulation of G1/S transition of mitotic cell cycle [GO:2000134]; regulation of DNA-templated transcription [GO:0006355]
Q9DQA5,negative stranded viral RNA replication [GO:0039689]; negative stranded viral RNA transcription [GO:0039697]
Q9HUT5,negative regulation of DNA-templated transcription [GO:0045892]; positive regulation of DNA-templated transcription [GO:0045893]; regulation of DNA-templated transcription [GO:0006355]
Q9J4L4,virion assembly [GO:0019068]
Q9JAE0,fusion of virus membrane with host plasma membrane [GO:0019064]; symbiont entry into host cell [GO:0046718]
Q9JN36,proteolysis [GO:0006508]
Q9K163,cell wall organization [GO:0071555]; proteolysis [GO:0006508]
Q9KJT3,cellular response to phosphate starvation [GO:0016036]
Q9KJT4,regulation of DNA-templated transcription [GO:0006355]
Q9KZP3,cardiolipin biosynthetic process [GO:0032049]; glycerophospholipid biosynthetic process [GO:0046474]; plasma membrane organization [GO:0007009]
Q9L391,amino acid activation for nonribosomal peptide biosynthetic process [GO:0043041]; secondary metabolite biosynthetic process [GO:0044550]
Q9L392,DNA repair [GO:0006281]
Q9L393,nucleobase catabolic process [GO:0046113]
Q9LYL8,microsporogenesis [GO:0009556]; regulation of sister chromatid cohesion [GO:0007063]
Q9RHD7,cell wall organization [GO:0071555]; lipopolysaccharide biosynthetic process [GO:0009103]
Q9UVF9,xylan catabolic process [GO:0045493]
Q9VBV8,protein N-linked glycosylation [GO:0006487]
Q9VC03,NAD biosynthetic process [GO:0009435]; NAD biosynthetic process via the salvage pathway [GO:0034355]; negative regulation of neuromuscular synaptic transmission [GO:1900074]; neuron projection maintenance [GO:1990535]; photoreceptor cell maintenance [GO:0045494]
Q9VCN9,positive regulation of transcription by RNA polymerase II [GO:0045944]
Q9VDE8,cell population proliferation [GO:0008283]; DNA damage response [GO:0006974]; integrator complex assembly [GO:0160234]
Q9VGE2,transcription by RNA polymerase II [GO:0006366]
Q9VGV8,chaperone-mediated protein folding [GO:0061077]; microtubule cytoskeleton organization [GO:0000226]
Q9VHC5,behavioral response to ethanol [GO:0048149]; circadian behavior [GO:0048512]; negative regulation of heterochromatin formation [GO:0031452]; regulation of piRNA transcription [GO:0140542]; regulation of transcription by RNA polymerase II [GO:0006357]
Q9VHK6,"[2Fe-2S] cluster assembly [GO:0044571]; intracellular iron ion homeostasis [GO:0006879]; positive regulation of mitochondrial electron transport, NADH to ubiquinone [GO:1902958]"
Q9VJ10,mitochondrial respiratory chain complex I assembly [GO:0032981]
Q9VJ31,methionine biosynthetic process [GO:0009086]; methylation [GO:0032259]; S-methylmethionine cycle [GO:0033528]
Q9VJ90,mitotic DNA damage checkpoint signaling [GO:0044773]
Q9VJG4,negative regulation of oxidative phosphorylation [GO:0090324]; respiratory electron transport chain [GO:0022904]
Q9VLM7,mitochondrial respiratory chain complex I assembly [GO:0032981]
Q9VMK3,follicle cell microvillus organization [GO:0032529]; vitelline membrane formation involved in chorion-containing eggshell formation [GO:0007305]
Q9VN60,double-strand break repair via homologous recombination [GO:0000724]; female pronucleus assembly [GO:0035038]; meiotic DNA integrity checkpoint signaling [GO:0044778]; meiotic recombination checkpoint signaling [GO:0051598]; mitotic DNA damage checkpoint signaling [GO:0044773]; mitotic DNA replication checkpoint signaling [GO:0033314]; mitotic intra-S DNA damage checkpoint signaling [GO:0031573]; nucleotide-excision repair [GO:0006289]; oocyte karyosome formation [GO:0030717]; oocyte localization involved in germarium-derived egg chamber formation [GO:0030720]; synaptonemal complex disassembly [GO:0070194]; telomere maintenance [GO:0000723]
Q9VPC1,mitochondrial respiratory chain complex I assembly [GO:0032981]
Q9VPT4,positive regulation of transcription by RNA polymerase II [GO:0045944]; RNA polymerase II preinitiation complex assembly [GO:0051123]
Q9VQB6,SAGA complex assembly [GO:0036285]
Q9VQD4,DNA damage checkpoint signaling [GO:0000077]; DNA repair [GO:0006281]
Q9VT00,chromatin remodeling [GO:0006338]; positive regulation of DNA-templated transcription [GO:0045893]; regulation of gene expression [GO:0010468]
Q9VU77,circadian behavior [GO:0048512]
Q9VU86,chromatin organization [GO:0006325]; regulation of transcription by RNA polymerase II [GO:0006357]
Q9W0M3,circadian behavior [GO:0048512]; G2/M transition of mitotic cell cycle [GO:0000086]; negative regulation of DNA-templated transcription [GO:0045892]; rhythmic process [GO:0048511]
Q9W1H9,mitochondrial respiratory chain complex I assembly [GO:0032981]
Q9W2I4,chromatin remodeling [GO:0006338]
Q9W3Y1,eggshell chorion gene amplification [GO:0007307]; embryonic development via the syncytial blastoderm [GO:0001700]; endomitotic cell cycle [GO:0007113]; mitotic DNA damage checkpoint signaling [GO:0044773]; positive regulation of DNA replication [GO:0045740]
Q9WAF5,symbiont entry into host cell [GO:0046718]; virion attachment to host cell [GO:0019062]
Q9Z0L6,adenylate cyclase-activating G protein-coupled receptor signaling pathway [GO:0007189]; bone mineralization [GO:0030282]; calcium ion homeostasis [GO:0055074]; cell-cell signaling [GO:0007267]; homeostasis of number of cells within a tissue [GO:0048873]; intracellular calcium ion homeostasis [GO:0006874]; magnesium ion homeostasis [GO:0010960]; negative regulation of apoptotic process in bone marrow cell [GO:0071866]; negative regulation of bone mineralization involved in bone maturation [GO:1900158]; negative regulation of chondrocyte differentiation [GO:0032331]; negative regulation of gene expression [GO:0010629]; phosphate ion homeostasis [GO:0055062]; positive regulation of bone mineralization [GO:0030501]; positive regulation of cell proliferation in bone marrow [GO:0071864]; positive regulation of D-glucose import [GO:0046326]; positive regulation of gene expression [GO:0010628]; positive regulation of glycogen biosynthetic process [GO:0045725]; positive regulation of inositol phosphate biosynthetic process [GO:0060732]; positive regulation of osteoclast proliferation [GO:0090290]; positive regulation of signal transduction [GO:0009967]; positive regulation of transcription by RNA polymerase II [GO:0045944]; regulation of gene expression [GO:0010468]; response to cadmium ion [GO:0046686]; response to ethanol [GO:0045471]; response to fibroblast growth factor [GO:0071774]; response to lead ion [GO:0010288]; response to parathyroid hormone [GO:0071107]; response to vitamin D [GO:0033280]; response to xenobiotic stimulus [GO:0009410]; Rho protein signal transduction [GO:0007266]; signal transduction [GO:0007165]; transcription by RNA polymerase II [GO:0006366]
Q9ZIH2,cobalt ion transport [GO:0006824]; nickel cation transport [GO:0015675]; zinc ion transport [GO:0006829]
Q9ZPL5,methionine biosynthetic process [GO:0009086]; transsulfuration [GO:0019346]
R4H5E1,defense response to bacterium [GO:0042742]
S8EV69,cell division [GO:0051301]
S8EXU2,intracellular iron ion homeostasis [GO:0006879]
U5T7E4,defense response to bacterium [GO:0042742]; defense response to fungus [GO:0050832]; killing of cells of another organism [GO:0031640]
V9TNS0,polysaccharide catabolic process [GO:0000272]
V9TS54,xylan catabolic process [GO:0045493]
V9TT49,carbohydrate metabolic process [GO:0005975]
W1QAK2,peroxisome organization [GO:0007031]
W1QDU5,peroxisome organization [GO:0007031]
W1QET1,protein urmylation [GO:0032447]; tRNA wobble position uridine thiolation [GO:0002143]
W1QHP2,peroxisome organization [GO:0007031]
W1QL91,peroxisome organization [GO:0007031]
X0JZ91,regulation of Rab protein signal transduction [GO:0032483]
